part_number,manufacturer,sell_price,quantity_available,margin_percent,cost_price,cert available
10164-4,,0.00 ,0,,,Mfg CoC
123423-3-2,,0.00 ,0,,,Mfg CoC
1728B,,0.29 ,0,,,Mfg CoC
2310025,,0.00 ,0,,,Mfg CoC
2499859-501,,4.07 ,0,,,Mfg CoC
26S8-5,,3.64 ,0,,,Mfg CoC
322337,,2.57 ,0,,,Mfg CoC
328,,0.00 ,0,,,Mfg CoC
3D0006-3,,0.93 ,0,,,Mfg CoC
3D0039-18,,0.42 ,0,,,Mfg CoC
3D0041-1,,8.29 ,0,,,Mfg CoC
3D0049-6,,0.00 ,0,,,Mfg CoC
3D0059-4-1,,0.83 ,0,,,Mfg CoC
3D0063-5AC,,3.64 ,0,,,Mfg CoC
3D0063-7AS,,1.68 ,0,,,Mfg CoC
3D0096-6,,0.45 ,0,,,Mfg CoC
3D0098-6-4,,0.68 ,0,,,Mfg CoC
4002-0S,,3.25 ,0,,,Mfg CoC
40G15-160S,,6.54 ,0,,,Mfg CoC
4551,,0.00 ,0,,,Mfg CoC
AA55487-4,,0.67 ,0,,,Mfg CoC
ABMS-A,,0.00 ,0,,,Mfg CoC
AN310C3,,0.00 ,0,,,Mfg CoC
AN320C4,,3.27 ,0,,,Mfg CoC
AN3C3A,,0.79 ,0,,,Mfg CoC
AN960-10L,,0.04 ,0,,,Mfg CoC
AN970-3,,0.06 ,30,,,Mfg CoC
AN970-4,,0.11 ,50,,,Mfg CoC
AS15001-4P,,2.96 ,0,,,Mfg CoC
AS1655A32,,0.00 ,0,,,Mfg CoC
AS1895-7-350,,28.60 ,895,,,Mfg CoC
AS1895-7-400,,0.00 ,0,,,Mfg CoC
AS1895-7-550,,43.66 ,48,,,Mfg CoC
AS3208-18,,0.00 ,0,,,Mfg CoC
AS3209-016,,0.27 ,0,,,Mfg CoC
AS3209-153,,1.17 ,150,,,Mfg CoC
AS3209-220,,0.38 ,0,,,Mfg CoC
AS3209-236,,0.00 ,0,,,Mfg CoC
AS3578-226,,0.40 ,100,,,Mfg CoC
AS3582-028,,0.70 ,0,,,Mfg CoC
AS3582-243,,1.27 ,10,,,Mfg CoC
AS43013-120,,0.59 ,863,,,Mfg CoC
AS43013-124,,1.56 ,0,,,Mfg CoC
AS43013-155,,3.73 ,0,,,Mfg CoC
AS62202,,9.15 ,231,,,Mfg CoC
ASNA0082-203,,4.15 ,0,,,Mfg CoC
BACB30FN5A4,,0.84 ,0,,,Mfg CoC
BACB30LE5U15,,4.65 ,0,,,Mfg CoC
BACB30LH2-3,,0.73 ,0,,,Mfg CoC
BACB30LH2-4,,0.79 ,0,,,Mfg CoC
BACB30LH2-5,,1.40 ,0,,,Mfg CoC
BACB30LH3-11,,3.37 ,0,,,Mfg CoC
BACB30LH3-3,,0.00 ,0,,,Mfg CoC
BACB30LH3-4,,0.00 ,0,,,Mfg CoC
BACB30LH3-5,,0.00 ,0,,,Mfg CoC
BACB30LH3-6,,0.79 ,0,,,Mfg CoC
BACB30LH3-7,,0.00 ,0,,,Mfg CoC
BACB30LH3-8,,0.88 ,0,,,Mfg CoC
BACB30LH3-9,,0.70 ,0,,,Mfg CoC
BACB30LH4-10,,3.62 ,0,,,Mfg CoC
BACB30LH4-11,,1.65 ,0,,,Mfg CoC
BACB30LK3-10,,4.41 ,0,,,Mfg CoC
BACB30LK3-22,,6.28 ,0,,,Mfg CoC
BACB30LR4-10,,1.30 ,0,,,Mfg CoC
BACB30MR4A15,,4.41 ,0,,,Mfg CoC
BACB30MY5K6,,3.27 ,0,,,Mfg CoC
BACB30MY6K2,,0.81 ,0,,,Mfg CoC
BACB30MY6K3,,0.72 ,0,,,Mfg CoC
BACB30MY6K3X,,1.02 ,0,,,Mfg CoC
BACB30MY6K4,,0.92 ,0,,,Mfg CoC
BACB30MY6K5,,0.85 ,0,,,Mfg CoC
BACB30MY6K5X,,1.62 ,0,,,Mfg CoC
BACB30MY6K7,,1.10 ,0,,,Mfg CoC
BACB30MY8K10X,,2.79 ,0,,,Mfg CoC
BACB30MY8K3,,0.86 ,0,,,Mfg CoC
BACB30MY8K5X,,1.31 ,0,,,Mfg CoC
BACB30NM3K3,,0.99 ,0,,,Mfg CoC
BACB30NM3K4,,1.18 ,0,,,Mfg CoC
BACB30NM3K7,,1.35 ,3,,,Mfg CoC
BACB30NM3K8,,1.02 ,0,,,Mfg CoC
BACB30NM4K12,,1.95 ,0,,,Mfg CoC
BACB30NM4K8,,1.55 ,0,,,Mfg CoC
BACB30NM4K9,,1.48 ,0,,,Mfg CoC
BACB30NN3K12,,2.33 ,0,,,Mfg CoC
BACB30NN3K15,,0.00 ,0,,,Mfg CoC
BACB30NN3K3,,0.00 ,0,,,Mfg CoC
BACB30NN3K5,,0.88 ,0,,,Mfg CoC
BACB30NN3K6,,0.72 ,0,,,Mfg CoC
BACB30NN3K8,,0.60 ,0,,,Mfg CoC
BACB30NN4K14,,5.00 ,0,,,Mfg CoC
BACB30NN4K15,,2.37 ,0,,,Mfg CoC
BACB30NN4K4,,0.00 ,0,,,Mfg CoC
BACB30NN4K5,,0.00 ,0,,,Mfg CoC
BACB30NN4K7,,0.00 ,0,,,Mfg CoC
BACB30NN4K8,,0.00 ,0,,,Mfg CoC
BACB30NT2K7,,1.78 ,0,,,Mfg CoC
BACB30NT3K24,,0.00 ,0,,,Mfg CoC
BACB30NT3K3,,0.00 ,0,,,Mfg CoC
BACB30NT3K5,,0.00 ,0,,,Mfg CoC
BACB30NT4K3,,2.14 ,0,,,Mfg CoC
BACB30NW5K4,,0.00 ,0,,,Mfg CoC
BACB30NW6K10X,,0.48 ,0,,,Mfg CoC
BACB30NW6K3,,0.00 ,0,,,Mfg CoC
BACB30NW6K3X,,1.69 ,0,,,Mfg CoC
BACB30NW6K4,,1.05 ,0,,,Mfg CoC
BACB30NW6K5,,1.10 ,0,,,Mfg CoC
BACB30NW6K5X,,0.59 ,0,,,Mfg CoC
BACB30NW6K6,,0.00 ,0,,,Mfg CoC
BACB30NW6K6X,,1.11 ,0,,,Mfg CoC
BACB30NW6K7,,0.00 ,0,,,Mfg CoC
BACB30NW6K7X,,0.00 ,0,,,Mfg CoC
BACB30NW6K8,,0.89 ,0,,,Mfg CoC
BACB30NW8K10X,,0.00 ,0,,,Mfg CoC
BACB30NW8K4,,0.88 ,0,,,Mfg CoC
BACB30NW8K5X,,1.88 ,0,,,Mfg CoC
BACB30NW8K7X,,0.00 ,0,,,Mfg CoC
BACB30NW8K8X,,0.00 ,0,,,Mfg CoC
BACB30NW8K9X,,0.00 ,0,,,Mfg CoC
BACB30NX5HK4,,0.77 ,0,,,Mfg CoC
BACB30NX5HK5,,1.08 ,0,,,Mfg CoC
BACB30NX6B7,,0.00 ,0,,,Mfg CoC
BACB30NX6K11,,0.90 ,0,,,Mfg CoC
BACB30NX6K2,,0.00 ,0,,,Mfg CoC
BACB30NX6K3,,1.09 ,0,,,Mfg CoC
BACB30NX6K3X,,1.19 ,0,,,Mfg CoC
BACB30NX6K5,,1.13 ,0,,,Mfg CoC
BACB30NX6K5X,,0.86 ,0,,,Mfg CoC
BACB30NX6K6,,0.65 ,0,,,Mfg CoC
BACB30NX6K7,,0.91 ,0,,,Mfg CoC
BACB30NX8K3,,1.42 ,0,,,Mfg CoC
BACB30NX8K7,,0.00 ,0,,,Mfg CoC
BACB30NX8K8,,1.36 ,0,,,Mfg CoC
BACB30NY5HK4,,1.00 ,0,,,Mfg CoC
BACB30NY6B5,,1.36 ,0,,,Mfg CoC
BACB30NY6B6,,1.46 ,0,,,Mfg CoC
BACB30NY6B7,,2.39 ,0,,,Mfg CoC
BACB30NY6K3,,2.27 ,0,,,Mfg CoC
BACB30NY6K4,,1.12 ,0,,,Mfg CoC
BACB30NY6K5,,1.20 ,0,,,Mfg CoC
BACB30NY6K6X,,1.47 ,0,,,Mfg CoC
BACB30NY6K7,,0.00 ,0,,,Mfg CoC
BACB30NY8K7,,1.45 ,0,,,Mfg CoC
BACB30NY8K8,,0.00 ,0,,,Mfg CoC
BACB30PW4-8,,6.62 ,0,,,Mfg CoC
BACB30VF3K12,,6.66 ,0,,,Mfg CoC
BACB30VF3K13,,1.03 ,0,,,Mfg CoC
BACB30VF3K3,,0.00 ,0,,,Mfg CoC
BACB30VF3K4,,0.72 ,0,,,Mfg CoC
BACB30VF3K5,,0.62 ,0,,,Mfg CoC
BACB30VF3K8,,0.00 ,0,,,Mfg CoC
BACB30VF4K10,,0.00 ,0,,,Mfg CoC
BACB30VF4K11,,1.94 ,0,,,Mfg CoC
BACB30VF4K12,,0.00 ,0,,,Mfg CoC
BACB30VF4K13,,1.66 ,0,,,Mfg CoC
BACB30VF4K6,,1.42 ,0,,,Mfg CoC
BACB30VF4K9,,5.79 ,0,,,Mfg CoC
BACB30VT5HK8,,0.00 ,0,,,Mfg CoC
BACB30VT6K10,,0.00 ,0,,,Mfg CoC
BACB30VT6K2,,0.75 ,0,,,Mfg CoC
BACB30VT8K10,,0.00 ,0,,,Mfg CoC
BACB30VT8K11,,2.51 ,0,,,Mfg CoC
BACB30VT8K46,,0.00 ,0,,,Mfg CoC
BACB30VT8K9,,2.24 ,0,,,Mfg CoC
BACB30XD3K10,,0.00 ,0,,,Mfg CoC
BACB30XD3K11,,1.19 ,0,,,Mfg CoC
BACB30XD3K12,,0.00 ,0,,,Mfg CoC
BACB30XD3K3,,0.00 ,0,,,Mfg CoC
BACB30XD3K4,,0.90 ,0,,,Mfg CoC
BACB30XD3K5,,1.12 ,0,,,Mfg CoC
BACB30XD3K6,,0.00 ,0,,,Mfg CoC
BACB30XD3K7,,0.00 ,0,,,Mfg CoC
BACB30XD3K8,,0.00 ,0,,,Mfg CoC
BACB30XD4K10,,1.85 ,0,,,Mfg CoC
BACB30XD4K11,,1.12 ,0,,,Mfg CoC
BACB30XD4K5,,2.95 ,0,,,Mfg CoC
BACB30YK8K7,,4.78 ,0,,,Mfg CoC
BACB30YP5K5,,0.81 ,0,,,Mfg CoC
BACB30YP5K6,,0.00 ,0,,,Mfg CoC
BACB30YP6K4,,0.95 ,0,,,Mfg CoC
BACB30YP6K5,,0.84 ,0,,,Mfg CoC
BACB30YP6K7,,0.74 ,0,,,Mfg CoC
BACB30YP8K6,,1.30 ,0,,,Mfg CoC
BACB30ZE3-10,,2.34 ,0,,,Mfg CoC
BACB30ZE3-4,,1.56 ,0,,,Mfg CoC
BACB30ZE3-5,,0.00 ,0,,,Mfg CoC
BACB30ZE3-6,,0.00 ,0,,,Mfg CoC
BACB31A3-4,,0.00 ,0,,,Mfg CoC
BACB31U3K4N,,0.00 ,0,,,Mfg CoC
BACB31U3K4W,,4.23 ,0,,,Mfg CoC
BACB31U3K5N,,0.00 ,0,,,Mfg CoC
BACB31U3K5W,,3.49 ,0,,,Mfg CoC
BACB31U3K6W,,0.00 ,0,,,Mfg CoC
BACB31U3K7W,,4.29 ,0,,,Mfg CoC
BACB31U3K8,,1.18 ,0,,,Mfg CoC
BACB31U3K9,,1.86 ,0,,,Mfg CoC
BACB31V41-13W,,0.00 ,0,,,Mfg CoC
BACB31V41-14W,,4.36 ,0,,,Mfg CoC
BACC30AB5A,,0.00 ,0,,,Mfg CoC
BACC30AB5C,,13.75 ,0,,,Mfg CoC
BACC30AB5S,,0.00 ,0,,,Mfg CoC
BACC30AB6A,,0.00 ,0,,,Mfg CoC
BACC30AB6SY,,4.60 ,0,,,Mfg CoC
BACC30AB8S,,0.00 ,0,,,Mfg CoC
BACC30AC6,,0.00 ,0,,,Mfg CoC
BACC30BH10,,0.00 ,0,,,Mfg CoC
BACC30BH5,,2.09 ,0,,,Mfg CoC
BACC30BH6,,0.00 ,0,,,Mfg CoC
BACC30BH8,,3.20 ,0,,,Mfg CoC
BACC30BH8S,,1.59 ,0,,,Mfg CoC
BACC30BL12,,1.07 ,0,,,Mfg CoC
BACC30BL5,,0.24 ,0,,,Mfg CoC
BACC30BL6,,0.25 ,0,,,Mfg CoC
BACC30BL8,,0.00 ,0,,,Mfg CoC
BACC30BQ8,,3.73 ,0,,,Mfg CoC
BACC30BS5S,,0.00 ,0,,,Mfg CoC
BACC30BS6S,,0.00 ,0,,,Mfg CoC
BACC30CP6K,,3.35 ,0,,,Mfg CoC
BACC30M6,,0.00 ,0,,,Mfg CoC
BACC30M8,,0.00 ,0,,,Mfg CoC
BACC30R8,,0.63 ,0,,,Mfg CoC
BACN10HR8CD,,0.00 ,0,,,Mfg CoC
BACN10JC08CM,,0.70 ,0,,,Mfg CoC
BACN10JC3CD,,0.72 ,338,,,Mfg CoC
BACN10JR3CFD,,0.00 ,0,,,Mfg CoC
BACN10JR3CFM,,0.00 ,0,,,Mfg CoC
BACN10JZ3A2CDMU,,0.00 ,0,,,Mfg CoC
BACN10JZ3A2U,,0.00 ,0,,,Mfg CoC
BACN10KE3B2CD,,0.75 ,0,,,Mfg CoC
BACN10KE3B4CD,,0.00 ,0,,,Mfg CoC
BACN10VR3CG,,0.00 ,0,,,Mfg CoC
BACN10YD6,,1.39 ,0,,,Mfg CoC
BACN10YR08CD,,0.42 ,0,,,Mfg CoC
BACN10YR3CM,,0.48 ,0,,,Mfg CoC
BACN10YR4CD,,0.43 ,0,,,Mfg CoC
BACN10YT3CSA,,0.00 ,0,,,Mfg CoC
BACN10ZV3,,0.00 ,0,,,Mfg CoC
BACN10ZV4,,0.00 ,0,,,Mfg CoC
BACN11G3A3CD,,1.88 ,0,,,Mfg CoC
BACN11K1CD,,2.03 ,0,,,Mfg CoC
BACN11K3CD,,0.00 ,0,,,Mfg CoC
BACR11AW3A,,3.71 ,0,,,Mfg CoC
BACR15DR3-2,,0.00 ,0,,,Mfg CoC
BACR15DR3-5,,1.66 ,0,,,Mfg CoC
BACR15DR3AC4,,0.53 ,0,,,Mfg CoC
BACR15DR3AC5,,0.00 ,0,,,Mfg CoC
BACR15DR3AC6,,0.30 ,0,,,Mfg CoC
BACR15DR3AC8,,0.00 ,0,,,Mfg CoC
BACR15DR3AN5,,0.73 ,0,,,Mfg CoC
BACR15GA5-6B,,2.17 ,0,,,Mfg CoC
BACR15GA5-7,,0.00 ,0,,,Mfg CoC
BACR15GA5-7B,,0.00 ,0,,,Mfg CoC
BACR15GA5-8,,1.02 ,0,,,Mfg CoC
BACR15GA5-9B,,0.71 ,0,,,Mfg CoC
BACR15GA6-10,,0.00 ,0,,,Mfg CoC
BACR15GA6-8B,,1.20 ,0,,,Mfg CoC
BACS12CK3-6,,2.77 ,0,,,Mfg CoC
BACS12ER3K12,,1.69 ,0,,,Mfg CoC
BACS12ER3K22,,0.00 ,0,,,Mfg CoC
BACS12FA3K4,,0.58 ,0,,,Mfg CoC
BACS12FA3K5,,0.00 ,0,,,Mfg CoC
BACS12FA3K9,,0.80 ,0,,,Mfg CoC
BACS12GP3L13,,0.00 ,0,,,Mfg CoC
BACS12GR3L15,,0.00 ,0,,,Mfg CoC
BACS12GR3L16,,0.96 ,0,,,Mfg CoC
BACS12GR3L18,,1.66 ,0,,,Mfg CoC
BACS12GU3K11,,1.07 ,0,,,Mfg CoC
BACS12GU3K6,,1.22 ,0,,,Mfg CoC
BACS12JM3K14L,,1.02 ,0,,,Mfg CoC
BACW10AU3,,2.39 ,0,,,Mfg CoC
BACW10BN3AC,,0.07 ,0,,,Mfg CoC
BACW10BN4AP,,0.18 ,73,,,Mfg CoC
BACW10BP3ACU,,0.15 ,4,,,Mfg CoC
BACW10BP3APU,,0.18 ,0,,,Mfg CoC
BACW10BP3CD,,0.25 ,0,,,Mfg CoC
BACW10BP3DP,,0.22 ,0,,,Mfg CoC
BACW10BP3NAPU,,0.00 ,0,,,Mfg CoC
BACW10BP4ACU,,0.98 ,0,,,Mfg CoC
BACW10BP4CD,,0.15 ,46,,,Mfg CoC
BACW10BP4DP,,0.28 ,0,,,Mfg CoC
BACW10BP5DP,,0.16 ,10,,,Mfg CoC
BACW10BP7DP,,0.33 ,5,,,Mfg CoC
BACW10BP8ACU,,1.15 ,20,,,Mfg CoC
BACW10BP8APU,,0.75 ,808,,,Mfg CoC
BACW10BP8DP,,0.87 ,0,,,Mfg CoC
BACW10DM6P,,0.31 ,0,,,Mfg CoC
BACW10DY3A,,1.30 ,0,,,Mfg CoC
BACW10EG6CK,,0.19 ,0,,,Mfg CoC
BACW10P136AL,,0.22 ,0,,,Mfg CoC
BACW10P219TF,,0.00 ,0,,,Mfg CoC
BACW10P44AL,,0.06 ,0,,,Mfg CoC
BACW10P458CD,,0.27 ,0,,,Mfg CoC
BACW10UC10,,0.05 ,0,,,Mfg CoC
BACW10UC102P,,0.29 ,0,,,Mfg CoC
BACW10UC10P,,0.32 ,0,,,Mfg CoC
BACW10UC420P,,0.29 ,0,,,Mfg CoC
BACW10X4,,1.23 ,0,,,Mfg CoC
CA2021-2,,32.50 ,0,,,Mfg CoC
CA2035,,0.00 ,0,,,Mfg CoC
CBS-6-1-N-16F,,1.20 ,0,,,Mfg CoC
CCR264CS3-07,,3.85 ,0,,,Mfg CoC
CCR264CS3-2,,0.00 ,0,,,Mfg CoC
CCR264CS3-3,,0.00 ,0,,,Mfg CoC
CCR264SS3-5,,1.66 ,0,,,Mfg CoC
CEC-12,,0.21 ,0,,,Mfg CoC
CR2,,0.00 ,0,,,Mfg CoC
CR3212-4-03,,0.00 ,0,,,Mfg CoC
CR3212-5-03,,0.00 ,0,,,Mfg CoC
CR3213-4-02,,6.50 ,20,,,Mfg CoC
CR3213-4-03,,0.00 ,0,,,Mfg CoC
CR3213-4-04,,0.00 ,0,,,Mfg CoC
CR3213-4-2,,0.00 ,0,,,Mfg CoC
CR3213-5-03,,0.00 ,0,,,Mfg CoC
CR3223-4-02,,0.00 ,0,,,Mfg CoC
CR3223-4-03,,0.00 ,0,,,Mfg CoC
CR3224-4-2,,0.00 ,0,,,Mfg CoC
CR3224-5-02,,3.18 ,0,,,Mfg CoC
CR3522-4-02,,5.98 ,0,,,Mfg CoC
CR3522-4-3,,0.00 ,0,,,Mfg CoC
CR3522-4-5,,0.00 ,0,,,Mfg CoC
CR3522-5-04,,0.00 ,0,,,Mfg CoC
CR3522-5-05,,2.28 ,114,,,Mfg CoC
CR3523-4-2,,0.00 ,0,,,Mfg CoC
CR3523-5-03,,0.00 ,0,,,Mfg CoC
CR3523-6-02,,0.00 ,0,,,Mfg CoC
CR3523-6-03,,0.00 ,0,,,Mfg CoC
CR3523-6-04,,0.00 ,0,,,Mfg CoC
CR3524-5-04,,0.00 ,0,,,Mfg CoC
CR3524-6-03,,0.00 ,0,,,Mfg CoC
CR3524-6-4,,0.00 ,0,,,Mfg CoC
CR3552-6-3,,0.00 ,0,,,Mfg CoC
CR4H,,0.33 ,6,,,Mfg CoC
CSR90433-5-9,,0.00 ,0,,,Mfg CoC
EN6024K3-04,,0.81 ,0,,,Mfg CoC
HL11VF6-3,,0.00 ,0,,,Mfg CoC
HL18PB6-4,,0.00 ,0,,,Mfg CoC
HL70-5,,0.00 ,0,,,Mfg CoC
HL86-6,,6.54 ,0,,,Mfg CoC
HL94-8,,0.80 ,0,,,Mfg CoC
HLT334-6-2,,0.00 ,0,,,Mfg CoC
HLT334-6-4,,0.87 ,0,,,Mfg CoC
HLT335-6-4,,2.25 ,0,,,Mfg CoC
HLT335-6-5,,0.66 ,0,,,Mfg CoC
HLT335-6-7,,0.00 ,0,,,Mfg CoC
HLT336-6-10,,0.00 ,0,,,Mfg CoC
HLT336-6-11,,0.86 ,0,,,Mfg CoC
HLT336-6-3,,0.00 ,0,,,Mfg CoC
HLT336-6-4,,3.12 ,0,,,Mfg CoC
HLT336-6-6,,0.60 ,0,,,Mfg CoC
HLT336-6-7,,0.00 ,0,,,Mfg CoC
HLT336-6-8,,0.54 ,0,,,Mfg CoC
HLT336-8-6,,0.92 ,0,,,Mfg CoC
HLT336-8-8,,1.22 ,0,,,Mfg CoC
HLT339-5-3,,0.00 ,0,,,Mfg CoC
HLT339-6-5,,0.12 ,0,,,Mfg CoC
HLT434-6-3,,1.29 ,0,,,Mfg CoC
HLT435-6-11,,1.19 ,0,,,Mfg CoC
HLT435-6-5,,1.19 ,0,,,Mfg CoC
HLT436-6-4,,0.85 ,0,,,Mfg CoC
HLT436-6-5,,0.76 ,0,,,Mfg CoC
HLT436-6-6,,2.25 ,0,,,Mfg CoC
HLT436-8-5,,0.66 ,0,,,Mfg CoC
HLT439-6-6,,0.75 ,0,,,Mfg CoC
HLT439-6-8,,2.93 ,0,,,Mfg CoC
M25988-1-110,,0.28 ,50,,,Mfg CoC
M25988-1-135,,0.00 ,0,,,Mfg CoC
M25988-1-218,,1.63 ,0,,,Mfg CoC
M25988-1-234,,0.00 ,0,,,Mfg CoC
M25988-2-036,,1.13 ,152,,,Mfg CoC
M25988-3-205,,2.37 ,71,,,Mfg CoC
M39029-22-192,,0.30 ,10,,,Mfg CoC
M39029/1-101,,0.38 ,5,,,Mfg CoC
M81969-14-01,,1.07 ,10,,,Mfg CoC
M83248-1-117,,0.28 ,0,,,Mfg CoC
M83248-1-125,,0.49 ,0,,,Mfg CoC
M83248-1-139,,0.78 ,0,,,Mfg CoC
M83248-1-222,,0.65 ,3211,,,Mfg CoC
M83248-1-243,,0.00 ,0,,,Mfg CoC
M83248-1-354,,0.00 ,0,,,Mfg CoC
M83248-1-912,,0.35 ,0,,,Mfg CoC
M83461-1-226,,0.00 ,0,,,Mfg CoC
M85052-2-8,,0.00 ,0,,,Mfg CoC
MS14102-4,,11.51 ,0,,,Mfg CoC
MS14145L4,,1.53 ,0,,,Mfg CoC
MS14145L8,,7.47 ,0,,,Mfg CoC
MS16624-4025,,0.23 ,0,,,Mfg CoC
MS16998-28,,0.38 ,100,,,Mfg CoC
MS17825-4,,0.00 ,0,,,Mfg CoC
MS20002C6,,0.18 ,0,,,Mfg CoC
MS20220-3,,0.00 ,0,,,Mfg CoC
MS20220A1,,0.00 ,0,,,Mfg CoC
MS20253P2-220,,0.00 ,0,,,Mfg CoC
MS20600AD4W2,,0.00 ,0,,,Mfg CoC
MS20995C25,,8.58 ,0,,,Mfg CoC
MS20995C40,,17.07 ,0,,,Mfg CoC
MS20995CY20,,172.80 ,0,,,Mfg CoC
MS21042-08,,0.00 ,0,,,Mfg CoC
MS21042-3,,0.27 ,52825,,,Mfg CoC
MS21042-6,,1.08 ,1702,,,Mfg CoC
MS21042L04,,0.00 ,0,,,Mfg CoC
MS21042L08,,0.11 ,1950,,,Mfg CoC
MS21043-08,,0.32 ,200,,,Mfg CoC
MS21043-3,,0.28 ,3773,,,Mfg CoC
MS21043-4,,0.61 ,3726,,,Mfg CoC
MS21043-5,,0.00 ,0,,,Mfg CoC
MS21043-6,,1.56 ,0,,,Mfg CoC
MS21047-3,,0.51 ,0,,,Mfg CoC
MS21059L4,,0.39 ,100,,,Mfg CoC
MS21060L3,,0.95 ,0,,,Mfg CoC
MS21062-3,,0.76 ,79,,,Mfg CoC
MS21141U0603,,0.00 ,0,,,Mfg CoC
MS21256-1,,0.00 ,0,,,Mfg CoC
MS21919WDF12,,3.38 ,0,,,Mfg CoC
MS21919WDG12,,0.56 ,0,,,Mfg CoC
MS21919WDG14,,0.66 ,0,,,Mfg CoC
MS21919WDG15,,0.00 ,0,,,Mfg CoC
MS21919WDG22,,0.95 ,0,,,Mfg CoC
MS21919WDG3,,0.00 ,0,,,Mfg CoC
MS21919WDG40,,2.06 ,0,,,Mfg CoC
MS21919WDG5,,0.52 ,13,,,Mfg CoC
MS21919WDG6,,0.00 ,0,,,Mfg CoC
MS21919WDG8,,0.52 ,0,,,Mfg CoC
MS21919WDG9,,0.00 ,0,,,Mfg CoC
MS24465-6,,0.00 ,0,,,Mfg CoC
MS24665-132,,0.01 ,0,,,Mfg CoC
MS24665-134,,0.00 ,0,,,Mfg CoC
MS24665-151,,0.03 ,1317,,,Mfg CoC
MS24665-153,,0.02 ,1500,,,Mfg CoC
MS24665-155,,0.02 ,24,,,Mfg CoC
MS24665-283,,0.02 ,1236,,,Mfg CoC
MS24665-302,,0.06 ,784,,,Mfg CoC
MS24665-374,,0.13 ,0,,,Mfg CoC
MS24665-376,,0.18 ,0,,,Mfg CoC
MS24665-439,,0.00 ,0,,,Mfg CoC
MS24665-86,,0.02 ,30,,,Mfg CoC
MS24665-88,,0.02 ,233,,,Mfg CoC
MS24693C28,,0.05 ,252,,,Mfg CoC
MS24693C48,,0.08 ,0,,,Mfg CoC
MS24693C49,,0.11 ,0,,,Mfg CoC
MS24693C50,,0.07 ,0,,,Mfg CoC
MS24693C51,,0.08 ,0,,,Mfg CoC
MS24693C52,,0.14 ,100,,,Mfg CoC
MS24693C54,,0.10 ,0,,,Mfg CoC
MS24694-S49,,0.16 ,0,,,Mfg CoC
MS24694C46,,0.14 ,0,,,Mfg CoC
MS25224-3,,0.00 ,0,,,Mfg CoC
MS27039-0807,,0.12 ,0,,,Mfg CoC
MS27196-32,,20.39 ,0,,,Mfg CoC
MS27253F2,,2.94 ,0,,,Mfg CoC
MS27980-1N,,0.09 ,550,,,Mfg CoC
MS27980-6N,,0.00 ,0,,,Mfg CoC
MS28778-12,,0.62 ,0,,,Mfg CoC
MS28778-6,,1.50 ,890,,,Mfg CoC
MS28778-8,,0.47 ,3,,,Mfg CoC
MS29512-16,,0.69 ,0,,,Mfg CoC
MS3367-1-9,,0.04 ,30,,,Mfg CoC
MS3367-3-0,,0.00 ,0,,,Mfg CoC
MS3367-5-9,,0.00 ,0,,,Mfg CoC
MS35338-136,,0.02 ,0,,,Mfg CoC
MS35338-42,,0.01 ,0,,,Mfg CoC
MS35338-43,,0.55 ,383,,,Mfg CoC
MS35338-44,,0.05 ,0,,,Mfg CoC
MS51844-22,,0.00 ,0,,,Mfg CoC
MS51957-41,,0.05 ,0,,,Mfg CoC
MS51957-42,,0.06 ,0,,,Mfg CoC
MS51957-43,,0.06 ,0,,,Mfg CoC
MS51957-45,,0.08 ,0,,,Mfg CoC
MS51957-47,,0.11 ,5,,,Mfg CoC
MS51958-65,,0.12 ,0,,,Mfg CoC
MS9385-11,,0.23 ,0,,,Mfg CoC
MS9556-06,,1.03 ,6529,,,Mfg CoC
MS9556-08,,0.82 ,105,,,Mfg CoC
NAS1080C05,,0.07 ,0,,,Mfg CoC
NAS1096-2-6,,0.00 ,0,,,Mfg CoC
NAS1096-3-7,,0.63 ,0,,,Mfg CoC
NAS1096-3-8,,0.00 ,0,,,Mfg CoC
NAS1097AD6-8,,0.06 ,0,,,Mfg CoC
NAS1100-08-6,,0.07 ,0,,,Mfg CoC
NAS1102-08-6,,0.20 ,0,,,Mfg CoC
NAS1102-3-12,,0.24 ,0,,,Mfg CoC
NAS1102-3-14,,0.00 ,0,,,Mfg CoC
NAS1102E08-7,,0.44 ,5,,,Mfg CoC
NAS1102E3-10,,0.81 ,1675,,,Mfg CoC
NAS1102E3-8,,0.40 ,0,,,Mfg CoC
NAS1149C0316R,,0.03 ,29823,,,Mfg CoC
NAS1149C0332R,,0.09 ,1366,,,Mfg CoC
NAS1149C0363R,,0.05 ,4516,,,Mfg CoC
NAS1149C0432R,,0.14 ,2692,,,Mfg CoC
NAS1149C0463R,,0.06 ,10190,,,Mfg CoC
NAS1149C0563R,,0.09 ,9,,,Mfg CoC
NAS1149CN432R,,0.03 ,98,,,Mfg CoC
NAS1149CN816R,,0.04 ,215,,,Mfg CoC
NAS1149CN832R,,0.02 ,20124,,,Mfg CoC
NAS1149D0316H,,0.02 ,10,,,Mfg CoC
NAS1149D0316J,,0.02 ,640,,,Mfg CoC
NAS1149D0332J,,0.04 ,964,,,Mfg CoC
NAS1149D0363H,,0.02 ,300,,,Mfg CoC
NAS1149D0363J,,0.05 ,19070,,,Mfg CoC
NAS1149D0363K,,0.10 ,81,,,Mfg CoC
NAS1149D0416H,,0.02 ,24532,,,Mfg CoC
NAS1149D0432J,,0.03 ,139,,,Mfg CoC
NAS1149D0463H,,0.06 ,4,,,Mfg CoC
NAS1149D0463J,,0.04 ,4299,,,Mfg CoC
NAS1149D0516J,,0.05 ,0,,,Mfg CoC
NAS1149DN616J,,0.03 ,0,,,Mfg CoC
NAS1149DN632K,,0.12 ,0,,,Mfg CoC
NAS1149DN816K,,0.09 ,0,,,Mfg CoC
NAS1149DN832H,,0.02 ,0,,,Mfg CoC
NAS1149DN832J,,0.03 ,424,,,Mfg CoC
NAS1149DN832K,,0.12 ,0,,,Mfg CoC
NAS1149E0463P,,0.23 ,130,,,Mfg CoC
NAS1149E0516P,,0.19 ,539,,,Mfg CoC
NAS1149F0332P,,0.02 ,2492,,,Mfg CoC
NAS1149F0363P,,0.02 ,17187,,,Mfg CoC
NAS1149F0432P,,0.02 ,4280,,,Mfg CoC
NAS1149F0463P,,0.03 ,1000,,,Mfg CoC
NAS1149F0532P,,0.02 ,0,,,Mfg CoC
NAS1149F0632P,,0.02 ,6,,,Mfg CoC
NAS1149FN632P,,0.03 ,1594,,,Mfg CoC
NAS1149FN816P,,0.06 ,1534,,,Mfg CoC
NAS1152-3,,0.07 ,0,,,Mfg CoC
NAS1153V5,,0.86 ,0,,,Mfg CoC
NAS1169-8L,,0.00 ,0,,,Mfg CoC
NAS1169C10,,0.20 ,483,,,Mfg CoC
NAS1169C10L,,0.18 ,0,,,Mfg CoC
NAS1189-3P12,,0.31 ,0,,,Mfg CoC
NAS1200M4-4,,0.13 ,0,,,Mfg CoC
NAS1200M5-4,,0.45 ,0,,,Mfg CoC
NAS1252-10L,,0.15 ,0,,,Mfg CoC
NAS1252-416H,,0.00 ,0,,,Mfg CoC
NAS1252-516H,,0.00 ,0,,,Mfg CoC
NAS1252-6L,,0.35 ,50,,,Mfg CoC
NAS1252-8H,,0.17 ,0,,,Mfg CoC
NAS1252-8L,,0.00 ,0,,,Mfg CoC
NAS1288-4W,,3.69 ,0,,,Mfg CoC
NAS1352-04-6P,,0.21 ,0,,,Mfg CoC
NAS1352-06-6,,0.00 ,0,,,Mfg CoC
NAS1398D4-2,,1.18 ,0,,,Mfg CoC
NAS1398D5AB4,,0.00 ,0,,,Mfg CoC
NAS1398D5AB5,,4.73 ,0,,,Mfg CoC
NAS1473A3,,0.00 ,0,,,Mfg CoC
NAS1473A4,,0.00 ,0,,,Mfg CoC
NAS1611-015A,,0.56 ,25,,,Mfg CoC
NAS1611-112A,,0.43 ,1445,,,Mfg CoC
NAS1611-117A,,0.33 ,120,,,Mfg CoC
NAS1611-214A,,0.84 ,402,,,Mfg CoC
NAS1611-218A,,0.75 ,19,,,Mfg CoC
NAS1611-228A,,1.29 ,0,,,Mfg CoC
NAS1611-241A,,1.92 ,10,,,Mfg CoC
NAS1612-10A,,0.75 ,43,,,Mfg CoC
NAS1612-20A,,1.30 ,60,,,Mfg CoC
NAS1612-2A,,0.42 ,10,,,Mfg CoC
NAS1612-4A,,0.40 ,1604,,,Mfg CoC
NAS1612-6A,,0.65 ,361,,,Mfg CoC
NAS1726-3E,,0.00 ,0,,,Mfg CoC
NAS1726-4E,,0.00 ,0,,,Mfg CoC
NAS1738E5-3,,0.00 ,0,,,Mfg CoC
NAS1738E6-4,,0.00 ,0,,,Mfg CoC
NAS1738M5-2,,0.00 ,0,,,Mfg CoC
NAS1738M5-3,,0.00 ,0,,,Mfg CoC
NAS1739E5-5,,0.00 ,0,,,Mfg CoC
NAS1739E6-3,,0.26 ,0,,,Mfg CoC
NAS1790-3R6,,0.00 ,0,,,Mfg CoC
NAS1790-3R7,,0.19 ,0,,,Mfg CoC
NAS1790C3R5P,,1.77 ,0,,,Mfg CoC
NAS1791C3-1,,1.00 ,5,,,Mfg CoC
NAS1801-04-8,,0.08 ,1846,,,Mfg CoC
NAS1801-08-23,,0.12 ,0,,,Mfg CoC
NAS1801-08-5,,0.31 ,0,,,Mfg CoC
NAS1801-08-8,,0.18 ,0,,,Mfg CoC
NAS1801-3-20,,0.41 ,0,,,Mfg CoC
NAS1801-3-28,,0.00 ,0,,,Mfg CoC
NAS1801-3-5,,0.18 ,0,,,Mfg CoC
NAS1801-3-6,,0.14 ,5,,,Mfg CoC
NAS1801-3-7,,0.00 ,0,,,Mfg CoC
NAS1801-3-8,,0.00 ,0,,,Mfg CoC
NAS1802-06-10,,0.00 ,0,,,Mfg CoC
NAS1802-3-10,,1.24 ,0,,,Mfg CoC
NAS1802-3-9,,0.62 ,1,,,Mfg CoC
NAS1803-3A5,,0.00 ,0,,,Mfg CoC
NAS1836-08-10,,0.52 ,0,,,Mfg CoC
NAS1921C05S04U,,1.98 ,0,,,Mfg CoC
NAS42DD6B4FC,,0.00 ,0,,,Mfg CoC
NAS43DD3-19FC,,0.13 ,0,,,Mfg CoC
NAS43DD3-32FC,,0.03 ,37,,,Mfg CoC
NAS43DD3-64FC,,0.30 ,332,,,Mfg CoC
NAS43HT3-7,,0.53 ,0,,,Mfg CoC
NAS43HT4-4,,0.47 ,0,,,Mfg CoC
NAS43HT5-8,,1.50 ,0,,,Mfg CoC
NAS509-6,,0.00 ,0,,,Mfg CoC
NAS509-8,,0.00 ,0,,,Mfg CoC
NAS513-6,,0.00 ,0,,,Mfg CoC
NAS514P1032-10P,,0.32 ,0,,,Mfg CoC
NAS514P1032-14,,0.26 ,0,,,Mfg CoC
NAS514P1032-6,,0.07 ,0,,,Mfg CoC
NAS514P1032-8,,0.11 ,0,,,Mfg CoC
NAS514P632-6,,0.08 ,9,,,Mfg CoC
NAS514P632-7,,0.05 ,0,,,Mfg CoC
NAS514P632-8,,0.27 ,0,,,Mfg CoC
NAS514P832-4,,0.06 ,0,,,Mfg CoC
NAS514P832-5,,0.11 ,0,,,Mfg CoC
NAS514P832-6,,0.22 ,0,,,Mfg CoC
NAS514P832-7,,0.10 ,0,,,Mfg CoC
NAS517-3-6,,0.07 ,0,,,Mfg CoC
NAS517-3-7,,0.08 ,0,,,Mfg CoC
NAS517-3-8,,0.67 ,0,,,Mfg CoC
NAS517-3-9,,0.00 ,0,,,Mfg CoC
NAS517-4-8,,0.00 ,0,,,Mfg CoC
NAS578-4B,,0.39 ,10,,,Mfg CoC
NAS578-5B,,0.46 ,76,,,Mfg CoC
NAS578-8B,,0.00 ,0,,,Mfg CoC
NAS5803U16,,0.45 ,0,,,Mfg CoC
NAS601-12P,,0.08 ,0,,,Mfg CoC
NAS601-5P,,0.00 ,0,,,Mfg CoC
NAS601-7P,,0.05 ,20,,,Mfg CoC
NAS601-8P,,0.09 ,0,,,Mfg CoC
NAS602-4P,,0.07 ,97,,,Mfg CoC
NAS602-5P,,0.08 ,0,,,Mfg CoC
NAS602-6P,,0.08 ,110,,,Mfg CoC
NAS602-8,,0.07 ,0,,,Mfg CoC
NAS602-8P,,0.14 ,0,,,Mfg CoC
NAS603-12P,,0.14 ,100,,,Mfg CoC
NAS603-16P,,0.14 ,0,,,Mfg CoC
NAS603-7P,,0.06 ,200,,,Mfg CoC
NAS603-8,,0.40 ,0,,,Mfg CoC
NAS603-8P,,0.13 ,0,,,Mfg CoC
NAS620-8,,0.04 ,0,,,Mfg CoC
NAS6203-16,,0.00 ,0,,,Mfg CoC
NAS620A10L,,0.03 ,0,,,Mfg CoC
NAS620C8,,0.10 ,631,,,Mfg CoC
NAS623-2-3,,0.00 ,0,,,Mfg CoC
NAS6304-18D,,0.00 ,0,,,Mfg CoC
NAS6403U10,,1.22 ,0,,,Mfg CoC
NAS6403U21,,3.93 ,0,,,Mfg CoC
NAS6403U3,,0.00 ,0,,,Mfg CoC
NAS6403U4,,2.08 ,0,,,Mfg CoC
NAS6403U5,,0.00 ,0,,,Mfg CoC
NAS6403U5H,,0.00 ,0,,,Mfg CoC
NAS6403U9,,1.45 ,0,,,Mfg CoC
NAS6404U11,,0.00 ,0,,,Mfg CoC
NAS6404U9,,1.81 ,0,,,Mfg CoC
NAS6604-4,,0.00 ,0,,,Mfg CoC
NAS6704-3,,0.00 ,0,,,Mfg CoC
NAS7603U10,,1.19 ,0,,,Mfg CoC
NAS7603U13,,0.59 ,0,,,Mfg CoC
NAS7603U4,,0.00 ,0,,,Mfg CoC
NAS7603U5,,0.00 ,0,,,Mfg CoC
NAS7604U10,,0.59 ,0,,,Mfg CoC
NAS7604U3,,1.36 ,0,,,Mfg CoC
NAS7604U9,,0.61 ,0,,,Mfg CoC
NAS7902U3,,0.00 ,0,,,Mfg CoC
NAS7903U4,,0.00 ,0,,,Mfg CoC
NAS7903U5,,0.00 ,0,,,Mfg CoC
NAS7903U8,,0.00 ,0,,,Mfg CoC
NAS8703-5,,0.00 ,0,,,Mfg CoC
NAS8703U2,,0.39 ,0,,,Mfg CoC
NAS8703U3,,2.24 ,0,,,Mfg CoC
NAS8802-3,,0.00 ,0,,,Mfg CoC
NAS8803-4,,1.10 ,0,,,Mfg CoC
NAS8803-5,,0.00 ,0,,,Mfg CoC
NAS8803-6,,1.14 ,0,,,Mfg CoC
NAS8804-10,,0.00 ,0,,,Mfg CoC
NAS8804-12,,0.00 ,0,,,Mfg CoC
NAS8804-5,,0.00 ,0,,,Mfg CoC
PRT2S-M2,,0.00 ,0,,,Mfg CoC
Q4554,,17.86 ,0,,,Mfg CoC
S4933959-533,,0.00 ,0,,,Mfg CoC
SC5046M3-8,,1.07 ,0,,,Mfg CoC
SL120001,,6.38 ,0,,,Mfg CoC
SL2334-06A3,,0.91 ,0,,,Mfg CoC
SL2334-3A1,,2.02 ,0,,,Mfg CoC
SLS3022C4F3,,0.00 ,0,,,Mfg CoC
SP68-304,,0.02 ,0,,,Mfg CoC
YAE18N,,0.00 ,0,,,Mfg CoC
YAE18N1,,0.00 ,0,,,Mfg CoC
767,,3.22 ,0,,,Mfg CoC
10237-1,,0.00 ,0,,,Mfg CoC
3D0006-4,,0.00 ,0,,,Mfg CoC
3D0011-8,,76.59 ,0,,,Mfg CoC
3D0069-3-4,,0.00 ,0,,,Mfg CoC
AN3-3A,,0.13 ,0,,,Mfg CoC
AN960C10L,,0.07 ,38,,,Mfg CoC
AS15001-1P,,1.05 ,3389,,,Mfg CoC
AS3209-222,,0.55 ,947,,,Mfg CoC
BAC27NCT0217,,0.00 ,0,,,Mfg CoC
BACB30FM6A3U,,2.28 ,0,,,Mfg CoC
BACB30FM6A4U,,2.17 ,0,,,Mfg CoC
BACB30FM6A5U,,1.91 ,0,,,Mfg CoC
BACB30LH3-10,,1.53 ,0,,,Mfg CoC
BACB30LH3-12,,1.18 ,0,,,Mfg CoC
BACB30LH3-13,,0.00 ,0,,,Mfg CoC
BACB30LH3-18,,1.92 ,0,,,Mfg CoC
BACB30LK3U3,,0.86 ,0,,,Mfg CoC
BACB30MY5K3,,1.80 ,0,,,Mfg CoC
BACB30MY6K6,,1.13 ,0,,,Mfg CoC
BACB30NM3K10,,1.45 ,0,,,Mfg CoC
BACB30NM3K5,,1.05 ,0,,,Mfg CoC
BACB30NM3K6,,0.83 ,0,,,Mfg CoC
BACB30NN3K10,,0.00 ,0,,,Mfg CoC
BACB30NN3K11,,0.82 ,0,,,Mfg CoC
BACB30NN3K16,,0.89 ,0,,,Mfg CoC
BACB30NN3K4,,0.00 ,0,,,Mfg CoC
BACB30NN3K7,,0.00 ,0,,,Mfg CoC
BACB30NN4K9,,0.00 ,0,,,Mfg CoC
BACB30NR4K7,,1.77 ,0,,,Mfg CoC
BACB30NW5K3,,0.00 ,0,,,Mfg CoC
BACB30NW8K10,,1.38 ,0,,,Mfg CoC
BACB30NW8K8,,1.55 ,0,,,Mfg CoC
BACB30NX12K16,,5.19 ,0,,,Mfg CoC
BACB30NX5HK3,,1.43 ,0,,,Mfg CoC
BACB30NX6K4,,0.00 ,0,,,Mfg CoC
BACB30NX8K5,,0.00 ,0,,,Mfg CoC
BACB30NX8K9X,,3.49 ,0,,,Mfg CoC
BACB30NY5HK5,,0.00 ,0,,,Mfg CoC
BACB30NY8K4,,3.77 ,0,,,Mfg CoC
BACB30NZ5HK4,,1.70 ,0,,,Mfg CoC
BACB30US9K28,,0.00 ,0,,,Mfg CoC
BACB30VF08K4,,0.98 ,0,,,Mfg CoC
BACB30VF08K7,,1.52 ,0,,,Mfg CoC
BACB30VF3K2,,0.00 ,0,,,Mfg CoC
BACB30VF3K9,,3.07 ,0,,,Mfg CoC
BACB30VF4K3,,0.00 ,0,,,Mfg CoC
BACB30VF4K5,,1.58 ,0,,,Mfg CoC
BACB30VT5HK2,,0.90 ,0,,,Mfg CoC
BACB30VT6K3,,1.18 ,0,,,Mfg CoC
BACB30VT6K4,,0.63 ,0,,,Mfg CoC
BACB30VT6K6,,0.00 ,0,,,Mfg CoC
BACB30VT6K7,,0.00 ,0,,,Mfg CoC
BACB30VT6K8,,0.00 ,0,,,Mfg CoC
BACB30VT6K9,,0.00 ,0,,,Mfg CoC
BACB30VT8K4,,1.70 ,0,,,Mfg CoC
BACB30VT8K5,,0.83 ,0,,,Mfg CoC
BACB30VT8K8,,1.86 ,0,,,Mfg CoC
BACB30XD3K9,,0.00 ,0,,,Mfg CoC
BACB30YP5K3,,1.74 ,0,,,Mfg CoC
BACB30YP5K4,,0.77 ,0,,,Mfg CoC
BACB30YP6K6,,1.02 ,0,,,Mfg CoC
BACB30YP8K10,,1.16 ,0,,,Mfg CoC
BACB30YP8K11,,0.00 ,0,,,Mfg CoC
BACB30ZE4-4,,2.90 ,0,,,Mfg CoC
BACB30ZE4-6,,0.78 ,0,,,Mfg CoC
BACB31U3K4,,0.77 ,0,,,Mfg CoC
BACB31U3K6,,1.02 ,0,,,Mfg CoC
BACB31V3-5N,,2.76 ,0,,,Mfg CoC
BACC15AP2,,0.00 ,0,,,Mfg CoC
BACC30AB6C,,0.00 ,0,,,Mfg CoC
BACC30AB6S,,0.00 ,0,,,Mfg CoC
BACC30AG6,,0.00 ,0,,,Mfg CoC
BACC30BH12K,,0.00 ,0,,,Mfg CoC
BACC30BL10,,0.00 ,0,,,Mfg CoC
BACC30BQ6,,1.34 ,0,,,Mfg CoC
BACC30CP8K,,0.00 ,0,,,Mfg CoC
BACC30M10,,0.00 ,0,,,Mfg CoC
BACC30X6,,0.00 ,0,,,Mfg CoC
BACN10HR4CD,,1.80 ,0,,,Mfg CoC
BACN10HR6CD,,2.95 ,0,,,Mfg CoC
BACN10JC08CD,,0.81 ,0,,,Mfg CoC
BACN10JC4CD,,3.16 ,1396,,,Mfg CoC
BACN10JN3CD,,0.00 ,0,,,Mfg CoC
BACN10JN4CD,,1.71 ,0,,,Mfg CoC
BACN10JR3F,,0.00 ,0,,,Mfg CoC
BACN10JZ3A4CDMU,,0.00 ,0,,,Mfg CoC
BACN10KE3B3CD,,1.63 ,0,,,Mfg CoC
BACN10KE3B4,,1.36 ,0,,,Mfg CoC
BACN10KE3B5CD,,0.00 ,0,,,Mfg CoC
BACN10KE3E3CD,,2.13 ,0,,,Mfg CoC
BACN10XJ3,,0.00 ,0,,,Mfg CoC
BACN10YD1,,1.36 ,0,,,Mfg CoC
BACN10YD2,,0.00 ,0,,,Mfg CoC
BACN10YR3C,,0.00 ,0,,,Mfg CoC
BACN10YR3CD,,0.32 ,0,,,Mfg CoC
BACN10YR4C,,2.13 ,0,,,Mfg CoC
BACN10YR4CM,,0.90 ,0,,,Mfg CoC
BACN10YT08CSA,,0.90 ,0,,,Mfg CoC
BACN10YT3CD,,1.25 ,0,,,Mfg CoC
BACN10YT4CD,,0.78 ,0,,,Mfg CoC
BACN10ZV08,,0.00 ,0,,,Mfg CoC
BACN10ZZ3D,,2.93 ,0,,,Mfg CoC
BACN11N106CS,,12.63 ,0,,,Mfg CoC
BACN11Z4CD,,1.40 ,0,,,Mfg CoC
BACR11AW2,,3.98 ,0,,,Mfg CoC
BACR15BA3AD4C,,0.04 ,0,,,Mfg CoC
BACR15BA4AD6C,,0.10 ,0,,,Mfg CoC
BACR15BA5AD6C,,0.05 ,0,,,Mfg CoC
BACR15BA5D6C,,0.03 ,0,,,Mfg CoC
BACR15BA6AD8C,,0.09 ,0,,,Mfg CoC
BACR15BB5AD6C,,0.00 ,0,,,Mfg CoC
BACR15BB6D5C,,0.04 ,0,,,Mfg CoC
BACR15DR3-3,,0.00 ,0,,,Mfg CoC
BACR15DR3-4,,0.00 ,0,,,Mfg CoC
BACR15DR3-6,,0.00 ,0,,,Mfg CoC
BACR15DR3-7,,0.00 ,0,,,Mfg CoC
BACR15DR3-8,,0.12 ,0,,,Mfg CoC
BACR15FT5AD6C,,0.06 ,0,,,Mfg CoC
BACR15FT6D6C,,0.05 ,0,,,Mfg CoC
BACR15FT6KE6C,,0.14 ,0,,,Mfg CoC
BACR15FT6KE7C,,0.15 ,0,,,Mfg CoC
BACR15GF5D5,,0.06 ,0,,,Mfg CoC
BACR15GF6D6,,0.10 ,0,,,Mfg CoC
BACS12ER3K7,,0.00 ,0,,,Mfg CoC
BACS12FA3K6,,0.80 ,0,,,Mfg CoC
BACS12FA3K7,,0.84 ,0,,,Mfg CoC
BACS12FA3K8,,0.83 ,0,,,Mfg CoC
BACS12GR3L13,,0.00 ,0,,,Mfg CoC
BACS12GU3K10,,0.98 ,0,,,Mfg CoC
BACS12GU3K12,,1.14 ,2,,,Mfg CoC
BACS12GU3K15,,0.00 ,0,,,Mfg CoC
BACS12GU3K36,,6.60 ,0,,,Mfg CoC
BACS12GU3K5,,0.84 ,0,,,Mfg CoC
BACW10AU6,,5.90 ,0,,,Mfg CoC
BACW10BN4AC,,0.13 ,103,,,Mfg CoC
BACW10BP10DP,,0.93 ,0,,,Mfg CoC
BACW10BP2NPK,,0.39 ,400,,,Mfg CoC
BACW10BP4CK,,0.90 ,12,,,Mfg CoC
BACW10BP4PK,,0.23 ,1110,,,Mfg CoC
BACW10BP5ACU,,0.48 ,0,,,Mfg CoC
BACW10BP5CD,,0.20 ,43,,,Mfg CoC
BACW10BP6CD,,0.30 ,0,,,Mfg CoC
BACW10BP6DP,,0.25 ,0,,,Mfg CoC
BACW10BP8CD,,0.54 ,0,,,Mfg CoC
BACW10BP9DP,,2.83 ,0,,,Mfg CoC
BACW10DM6,,0.04 ,0,,,Mfg CoC
BACW10UC419P,,0.35 ,0,,,Mfg CoC
CB6009CR3-1,,4.22 ,430,,,Mfg CoC
CCR264CS3-4,,2.93 ,197,,,Mfg CoC
CR3212-4-2,,0.00 ,0,,,Mfg CoC
CR3212-4-3,,0.00 ,0,,,Mfg CoC
CR3212-6-08,,3.81 ,0,,,Mfg CoC
CR3213-4-3,,0.00 ,0,,,Mfg CoC
CR3213-5-3,,0.00 ,0,,,Mfg CoC
CR3213-5-6,,0.27 ,0,,,Mfg CoC
CR3213-6-04,,0.00 ,0,,,Mfg CoC
CR3213-6-06,,0.00 ,0,,,Mfg CoC
CR3213-6-3,,0.74 ,0,,,Mfg CoC
CR3214-4-2,,0.00 ,0,,,Mfg CoC
CR3214-4-3,,0.00 ,0,,,Mfg CoC
CR3524-4-2,,0.00 ,0,,,Mfg CoC
CR3524-5-03,,0.00 ,0,,,Mfg CoC
D436-36,,0.00 ,0,,,Mfg CoC
HL18PB5-4,,0.69 ,0,,,Mfg CoC
HL70-8,,0.00 ,0,,,Mfg CoC
HL79-6,,0.00 ,0,,,Mfg CoC
HLT334-5-2,,1.11 ,0,,,Mfg CoC
HLT334-6-5,,0.75 ,0,,,Mfg CoC
HLT335-5-2,,0.74 ,0,,,Mfg CoC
HLT335-5-3,,0.84 ,0,,,Mfg CoC
HLT335-5-4,,0.79 ,0,,,Mfg CoC
HLT335-6-10,,1.03 ,0,,,Mfg CoC
HLT335-6-6,,0.73 ,0,,,Mfg CoC
HLT335-6-9,,0.98 ,0,,,Mfg CoC
HLT335-8-10,,0.00 ,0,,,Mfg CoC
HLT336-6-12,,0.00 ,0,,,Mfg CoC
HLT336-6-2,,0.00 ,0,,,Mfg CoC
HLT336-6-5,,1.04 ,0,,,Mfg CoC
HLT336-6-9,,0.79 ,0,,,Mfg CoC
HLT339-6-4,,1.03 ,0,,,Mfg CoC
HLT435-6-10,,0.00 ,0,,,Mfg CoC
HLT435-6-3,,0.00 ,0,,,Mfg CoC
M25988/1-010,,0.00 ,0,,,Mfg CoC
M25988-1-904,,0.29 ,0,,,Mfg CoC
M83248-1-115,,0.28 ,0,,,Mfg CoC
M83519/2-8,,0.00 ,0,,,Mfg CoC
MS16562-201,,0.15 ,20,,,Mfg CoC
MS16562-3,,0.23 ,0,,,Mfg CoC
MS17826-7,,1.97 ,255,,,Mfg CoC
MS17984C412,,24.49 ,0,,,Mfg CoC
MS20002-6,,0.18 ,0,,,Mfg CoC
MS20253P2-270,,0.64 ,0,,,Mfg CoC
MS20392-1C35,,0.76 ,0,,,Mfg CoC
MS20426A3-4,,0.01 ,0,,,Mfg CoC
MS20426AD3-4,,0.03 ,900,,,Mfg CoC
MS20426AD3-6,,0.02 ,539,,,Mfg CoC
MS20426AD3-8,,0.04 ,20,,,Mfg CoC
MS20426AD4-4,,0.02 ,2600,,,Mfg CoC
MS20426AD4-5,,0.02 ,2592,,,Mfg CoC
MS20426AD4-6,,0.02 ,10,,,Mfg CoC
MS20426AD4-8,,0.02 ,10,,,Mfg CoC
MS20426AD5-5,,0.03 ,0,,,Mfg CoC
MS20426AD5-6,,0.04 ,2001,,,Mfg CoC
MS20426AD5-8,,0.05 ,0,,,Mfg CoC
MS20427M3-3,,0.12 ,0,,,Mfg CoC
MS20427M3-4,,0.37 ,165,,,Mfg CoC
MS20427M3-5,,0.19 ,106,,,Mfg CoC
MS20427M3-8,,0.08 ,0,,,Mfg CoC
MS20427M4-4,,0.06 ,0,,,Mfg CoC
MS20427M4-5,,0.14 ,0,,,Mfg CoC
MS20427M4-6,,0.29 ,0,,,Mfg CoC
MS20427M5-5,,0.26 ,0,,,Mfg CoC
MS20470AD4-5,,0.02 ,44,,,Mfg CoC
MS20470AD4-6,,0.04 ,0,,,Mfg CoC
MS20470AD4-7,,0.05 ,0,,,Mfg CoC
MS20470AD5-5,,0.04 ,0,,,Mfg CoC
MS20470AD5-6,,0.05 ,4738,,,Mfg CoC
MS20470AD5-7,,0.03 ,528,,,Mfg CoC
MS20470AD5-8,,0.05 ,0,,,Mfg CoC
MS20470AD6-5,,0.00 ,0,,,Mfg CoC
MS20470AD6-6,,0.03 ,33,,,Mfg CoC
MS20470AD6-7,,0.06 ,0,,,Mfg CoC
MS20470AD6-8,,0.05 ,704,,,Mfg CoC
MS20615-5M5,,0.21 ,50,,,Mfg CoC
MS20615-5M7,,0.48 ,0,,,Mfg CoC
MS20615-5M8,,0.62 ,0,,,Mfg CoC
MS20995C20,,12.38 ,0,,,Mfg CoC
MS21042-04,,0.86 ,343,,,Mfg CoC
MS21042-06,,0.24 ,10,,,Mfg CoC
MS21042-4,,0.20 ,0,,,Mfg CoC
MS21042L3,,0.25 ,95496,,,Mfg CoC
MS21042L4,,0.00 ,0,,,Mfg CoC
MS21042L5,,0.17 ,1,,,Mfg CoC
MS21042L6,,0.72 ,32,,,Mfg CoC
MS21060-3,,2.57 ,33,,,Mfg CoC
MS21256-2,,0.18 ,15,,,Mfg CoC
MS21919WDG16,,0.00 ,0,,,Mfg CoC
MS21919WDG2,,0.31 ,0,,,Mfg CoC
MS24665-309,,0.00 ,0,,,Mfg CoC
MS24665-370,,0.11 ,1659,,,Mfg CoC
MS24693C27,,0.07 ,0,,,Mfg CoC
MS24693C47,,0.05 ,0,,,Mfg CoC
MS24694S109,,0.19 ,0,,,Mfg CoC
MS24694S61,,0.00 ,0,,,Mfg CoC
MS25083-2BB6,,0.00 ,0,,,Mfg CoC
MS27039C1-05,,0.26 ,1,,,Mfg CoC
MS27980-18N,,0.00 ,0,,,Mfg CoC
MS27980-7N,,0.05 ,0,,,Mfg CoC
MS28774-012,,0.06 ,0,,,Mfg CoC
MS28775-112,,0.12 ,143,,,Mfg CoC
MS28775-142,,0.00 ,0,,,Mfg CoC
MS29513-012,,0.15 ,40,,,Mfg CoC
MS29513-240,,0.00 ,0,,,Mfg CoC
MS35338-40,,0.02 ,96,,,Mfg CoC
MS35338-41,,0.01 ,0,,,Mfg CoC
MS35650-3252,,0.46 ,0,,,Mfg CoC
MS51957-44,,0.07 ,0,,,Mfg CoC
MS51958-64,,0.07 ,760,,,Mfg CoC
MS90362-3,,112.39 ,0,,,Mfg CoC
MS90451-7152,,0.00 ,0,,,Mfg CoC
MS9581-10,,1.35 ,4440,,,Mfg CoC
NAS1097AD4-5,,0.02 ,3332,,,Mfg CoC
NAS1097AD5-4,,0.01 ,0,,,Mfg CoC
NAS1097AD5-5,,0.04 ,0,,,Mfg CoC
NAS1097AD5-6,,0.00 ,0,,,Mfg CoC
NAS1097AD5-7,,0.00 ,0,,,Mfg CoC
NAS1097AD5-8,,0.05 ,0,,,Mfg CoC
NAS1097AD6-7,,0.05 ,0,,,Mfg CoC
NAS1100-08-8,,0.07 ,0,,,Mfg CoC
NAS1100E3-6,,0.34 ,0,,,Mfg CoC
NAS1102-08-5,,0.06 ,0,,,Mfg CoC
NAS1102E3-12,,0.44 ,4246,,,Mfg CoC
NAS1102E3-14,,1.05 ,49,,,Mfg CoC
NAS1149C0532R,,0.05 ,24831,,,Mfg CoC
NAS1149C1016R,,0.60 ,0,,,Mfg CoC
NAS1149CN616R,,0.03 ,0,,,Mfg CoC
NAS1149CN632R,,0.02 ,1598,,,Mfg CoC
NAS1149D0616H,,0.04 ,96,,,Mfg CoC
NAS1149DN816J,,0.07 ,250,,,Mfg CoC
NAS1149E0532P,,0.28 ,0,,,Mfg CoC
NAS1149F0563P,,0.03 ,204,,,Mfg CoC
NAS1149F0732P,,0.00 ,0,,,Mfg CoC
NAS1169-10L,,0.00 ,0,,,Mfg CoC
NAS1169C416L,,0.21 ,100,,,Mfg CoC
NAS1200M4-3,,0.00 ,0,,,Mfg CoC
NAS1200M5-7,,0.50 ,0,,,Mfg CoC
NAS1252-416L,,0.00 ,0,,,Mfg CoC
NAS1252-616H,,0.07 ,0,,,Mfg CoC
NAS1291C08M,,0.64 ,312,,,Mfg CoC
NAS1291C3M,,0.90 ,7456,,,Mfg CoC
NAS1291C4M,,1.05 ,566,,,Mfg CoC
NAS1351-3-10P,,0.00 ,0,,,Mfg CoC
NAS1474A3,,1.60 ,0,,,Mfg CoC
NAS1611-012A,,0.45 ,100,,,Mfg CoC
NAS1611-240A,,0.98 ,0,,,Mfg CoC
NAS1738E4-3,,0.00 ,0,,,Mfg CoC
NAS1738E5-4,,4.92 ,0,,,Mfg CoC
NAS1756-36,,6.33 ,0,,,Mfg CoC
NAS1791A3-1,,0.00 ,0,,,Mfg CoC
NAS1801-3-10,,0.08 ,426,,,Mfg CoC
NAS1801-3-12,,0.13 ,0,,,Mfg CoC
NAS1801-3-18,,0.29 ,0,,,Mfg CoC
NAS1801-3-24,,0.27 ,0,,,Mfg CoC
NAS1802-08-06,,0.00 ,0,,,Mfg CoC
NAS1802-4-14,,5.28 ,334,,,Mfg CoC
NAS514P1032-5,,0.00 ,0,,,Mfg CoC
NAS514P632-4,,0.06 ,0,,,Mfg CoC
NAS514P632-5,,0.05 ,0,,,Mfg CoC
NAS600-5P,,0.09 ,0,,,Mfg CoC
NAS603-10P,,0.13 ,12318,,,Mfg CoC
NAS603-6P,,0.10 ,0,,,Mfg CoC
NAS617-6,,0.00 ,0,,,Mfg CoC
NAS620-8L,,0.02 ,1030,,,Mfg CoC
NAS620C10L,,0.03 ,36,,,Mfg CoC
NAS623-2-2,,0.00 ,0,,,Mfg CoC
NAS623-3-4,,0.23 ,0,,,Mfg CoC
NAS6403U8,,1.26 ,0,,,Mfg CoC
NAS6404U5,,2.26 ,0,,,Mfg CoC
NAS6603-3,,0.00 ,0,,,Mfg CoC
NAS7603U12,,2.15 ,0,,,Mfg CoC
NAS7603U3,,0.88 ,0,,,Mfg CoC
NAS7604U8,,1.42 ,0,,,Mfg CoC
NAS7903U6,,0.00 ,0,,,Mfg CoC
NAS8803-2,,0.00 ,0,,,Mfg CoC
NAS8803-3,,0.00 ,0,,,Mfg CoC
NAS8803-7,,3.10 ,0,,,Mfg CoC
NAS8804-4,,1.55 ,0,,,Mfg CoC
SC5062-3-3,,0.00 ,0,,,Mfg CoC
VN401B144,,72.60 ,150,,,Mfg CoC
SLS5128A3,,0.00 ,0,,,Mfg CoC
3D0179M3-7,,1.28 ,0,,,Mfg CoC
48-7190,,0.00 ,0,,,Mfg CoC
CBS-4-4-N-10F,,0.00 ,0,,,Mfg CoC
CBS-8-1-N-16F,,1.22 ,0,,,Mfg CoC
DAN12-6X,,0.61 ,0,,,Mfg CoC
NSA5075-6,,0.00 ,0,,,Mfg CoC
AS20624,,0.59 ,308328,,,Mfg CoC
MS21209F1-15,,0.13 ,22570,,,Mfg CoC
MS9557-07,,3.24 ,45750,,,Mfg CoC
P332601,,0.08 ,0,,,Mfg CoC
AS3068-09,,5.60 ,13594,,,Mfg CoC
NAS1102-3-8,,0.08 ,22440,,,Mfg CoC
SF001-20-16-12,,3.09 ,0,,,Mfg CoC
AS3510-0218K,,1.49 ,1000,,,Mfg CoC
AS3209-010,,0.22 ,0,,,Mfg CoC
AN174H5A,,1.21 ,0,,,Mfg CoC
NAS1130-06L15D,,0.24 ,35924,,,Mfg CoC
MS21209F1-20,,0.27 ,0,,,Mfg CoC
MS21209F1-15P,,0.67 ,27112,,,Mfg CoC
BACR12BM114,,0.49 ,16552,,,Mfg CoC
899005010,,6.51 ,0,,,Mfg CoC
AS3237-12,,3.34 ,0,,,Mfg CoC
AS48511,,3.41 ,2928,,,Mfg CoC
AS3237-08,,3.31 ,8253,,,Mfg CoC
MS21209C0810L,,0.15 ,9393,,,Mfg CoC
MS21209F4-15,,0.10 ,7941,,,Mfg CoC
AS15001-1U,,3.17 ,0,,,Mfg CoC
MS20615-3M3,,0.25 ,11997,,,Mfg CoC
AS20627,,1.62 ,2205,,,Mfg CoC
282101,,0.20 ,0,,,Mfg CoC
AS3485-10,,1.02 ,7,,,Mfg CoC
M8791-1-012,,0.52 ,10,,,Mfg CoC
NAS1351-3H6P,,1.90 ,74,,,Mfg CoC
MS20426AD4-3,,0.02 ,10091,,,Mfg CoC
MS9556-10,,1.04 ,855,,,Mfg CoC
NAS6703U2,,0.86 ,3684,,,Mfg CoC
MS21209F4-25,,0.50 ,4894,,,Mfg CoC
SF001-20-16-14,,0.00 ,0,,,Mfg CoC
NAS1587-4C,,0.45 ,888,,,Mfg CoC
XB4258-20HK,,6.57 ,0,,,Mfg CoC
NAS1611-012,,0.50 ,246,,,Mfg CoC
MS9557-11,,1.37 ,346,,,Mfg CoC
AS3208-05,,0.19 ,8384,,,Mfg CoC
AS3237-10,,2.34 ,950,,,Mfg CoC
AN4-5A,,0.30 ,0,,,Mfg CoC
M83248-1-906,,0.31 ,8039,,,Mfg CoC
AS48409,,2.11 ,0,,,Mfg CoC
AS46726,,3.13 ,2777,,,Mfg CoC
MS21209F4-20L,,1.44 ,5294,,,Mfg CoC
M8791-1-017,,0.37 ,0,,,Mfg CoC
MS21209F4-25L,,0.30 ,6107,,,Mfg CoC
M8791-1-011,,0.62 ,0,,,Mfg CoC
SP90C4,,0.05 ,1450,,,Mfg CoC
J1212P05,,4.80 ,6810,,,Mfg CoC
J814P020A,,4.97 ,6404,,,Mfg CoC
XB4258-18HK,,8.31 ,0,,,Mfg CoC
AS21408,,1.65 ,5115,,,Mfg CoC
AN960C416L,,0.07 ,111,,,Mfg CoC
MS21043-04,,0.00 ,0,,,Mfg CoC
AS3486-10,,1.29 ,3622,,,Mfg CoC
MS21043-06,,0.53 ,5253,,,Mfg CoC
MS20426AD3-3,,0.01 ,4322,,,Mfg CoC
CR2662-3-03,,0.94 ,201,,,Mfg CoC
MS9556-14,,0.91 ,5412,,,Mfg CoC
AS15001-3P,,1.76 ,0,,,Mfg CoC
MS21209F4-20,,0.24 ,2417,,,Mfg CoC
BACW10BP3PK,,0.20 ,0,,,Mfg CoC
MS21209F4-15L,,0.36 ,1264,,,Mfg CoC
EN3155-004M2020,,3.81 ,4257,,,Mfg CoC
MS9557-10,,1.08 ,697,,,Mfg CoC
NAS1351-3H8P,,1.02 ,600,,,Mfg CoC
21217DB2406,,0.16 ,4289,,,Mfg CoC
SF001-20-16-06,,2.00 ,0,,,Mfg CoC
TR07-10,,0.00 ,0,,,Mfg CoC
XB4258-14HK,,4.47 ,5000,,,Mfg CoC
MS35275-214,,0.19 ,3960,,,Mfg CoC
NAS1130-3L15,,0.19 ,12643,,,Mfg CoC
AN4H3A,,0.64 ,599,,,Mfg CoC
MS27595-336,,0.00 ,0,,,Mfg CoC
AS48516,,4.55 ,0,,,Mfg CoC
AS43003-908,,0.48 ,202,,,Mfg CoC
AS48407,,3.12 ,933,,,Mfg CoC
AS43013-112,,0.44 ,3697,,,Mfg CoC
AS48512,,4.32 ,0,,,Mfg CoC
MS21209F1-10L,,0.35 ,2657,,,Mfg CoC
MS21250-04008,,1.87 ,3461,,,Mfg CoC
AS3237-06,,2.39 ,255,,,Mfg CoC
NAS1225-4L,,0.00 ,0,,,Mfg CoC
NAS1149E0432P,,0.12 ,3815,,,Mfg CoC
NAS1611-114A,,0.63 ,5207,,,Mfg CoC
NAS1149DN432K,,0.10 ,2060,,,Mfg CoC
MS21209F4-15P,,0.37 ,1733,,,Mfg CoC
AS3251-10,,2.64 ,62,,,Mfg CoC
MS9557-06,,1.40 ,1740,,,Mfg CoC
NAS6604H4,,1.80 ,0,,,Mfg CoC
MS35650-305T,,0.21 ,3477,,,Mfg CoC
MS24694S48,,0.09 ,3817,,,Mfg CoC
NAS620C8L,,0.02 ,4166,,,Mfg CoC
P700761,,0.14 ,1403,,,Mfg CoC
J644P07A,,10.00 ,7370,,,FAA 8130
NAS1149E0563R,,0.24 ,2908,,,Mfg CoC
AN4-14A,,0.00 ,0,,,Mfg CoC
MS21209F0610L,,0.25 ,3493,,,Mfg CoC
MS20426AD3-5,,0.03 ,0,,,Mfg CoC
MS20426A4-4,,0.03 ,8767,,,Mfg CoC
BH01227-3L,,0.65 ,3326,,,Mfg CoC
MS20426AD3-10,,0.19 ,3168,,,Mfg CoC
MS21045L4,,0.00 ,0,,,Mfg CoC
MS35206-215,,0.84 ,3249,,,Mfg CoC
AS3209-012,,0.21 ,679,,,Mfg CoC
MS27595-431,,0.00 ,0,,,Mfg CoC
7612,,2.29 ,0,,,Mfg CoC
AS15720-1,,2.45 ,0,,,Mfg CoC
100003784,,2.04 ,0,,,Mfg CoC
NAS1611-122,,1.03 ,813,,,Mfg CoC
J643P05A,,2.34 ,6000,,,FAA 8130
NAS601-6P,,0.06 ,186,,,Mfg CoC
AS125743,,0.04 ,2858,,,Mfg CoC
J979P04,,13.00 ,2210,,,Mfg CoC
EN3155-005F2020,,2.65 ,11398,,,Mfg CoC
STB34,,19.50 ,0,,,Mfg CoC
AS50912,,1.40 ,1964,,,Mfg CoC
AN4-10A,,0.39 ,0,,,Mfg CoC
MS9582-10,,2.25 ,0,,,Mfg CoC
AS3209-109,,0.37 ,2363,,,Mfg CoC
9794420080,,0.00 ,0,,,Mfg CoC
NAS1351-3-36P,,0.00 ,0,,,Mfg CoC
MS24665-300,,0.05 ,1631,,,Mfg CoC
MS21209C0820P,,0.80 ,2201,,,Mfg CoC
AS12943,,1.00 ,327,,,Mfg CoC
C54001-201,,3.48 ,26,,,Mfg CoC
MS9245-25,,0.06 ,1328,,,Mfg CoC
NSA5060E6,,0.00 ,0,,,Mfg CoC
MS14144-5,,3.09 ,0,,,Mfg CoC
NAS1351-3-16P,,0.90 ,0,,,Mfg CoC
AN4-11A,,0.23 ,0,,,Mfg CoC
MS21042L06,,0.36 ,1010,,,Mfg CoC
AS48408,,2.88 ,0,,,Mfg CoC
AN4-7A,,0.00 ,0,,,Mfg CoC
BACP18BC04A12P,,0.12 ,0,,,Mfg CoC
MS20470AD3-6,,0.03 ,2248,,,Mfg CoC
AS48419,,2.50 ,650,,,Mfg CoC
MS9202-029,,2.90 ,1564,,,Mfg CoC
MS24665-285,,0.02 ,0,,,Mfg CoC
NAS6603-11,,0.24 ,0,,,Mfg CoC
BACW10BP9ACU,,0.72 ,0,,,Mfg CoC
AN123482,,1.10 ,5023,,,Mfg CoC
AS4987NP3C,,1.35 ,1622,,,Mfg CoC
BH01227-4L,,0.69 ,1886,,,Mfg CoC
MS21209C0810,,0.10 ,1415,,,Mfg CoC
NAS1611-011,,0.51 ,0,,,Mfg CoC
MS21209F4-10,,1.11 ,5209,,,Mfg CoC
MS14144L4,,0.99 ,0,,,Mfg CoC
AN4-12,,0.56 ,0,,,Mfg CoC
M83248/1-119,,0.27 ,2049,,,Mfg CoC
AS3486-12,,2.18 ,1377,,,Mfg CoC
MS9566-11,,1.65 ,1544,,,Mfg CoC
AS62404,,7.18 ,920,,,Mfg CoC
AN123480,,0.06 ,2255,,,Mfg CoC
MS124736,,0.12 ,0,,,Mfg CoC
NAS1611-017,,1.15 ,0,,,Mfg CoC
P338324,,13.29 ,0,,,Mfg CoC
J1411P04,,3.78 ,718,,,Mfg CoC
MS21209C0410,,0.24 ,0,,,Mfg CoC
AS20628,,5.95 ,606,,,Mfg CoC
AS3237-16,,2.99 ,64,,,Mfg CoC
NAS2803-3,,0.29 ,1467,,,Mfg CoC
NAS1130-06L10D,,0.44 ,1891,,,Mfg CoC
MS21044N3,,0.20 ,0,,,Mfg CoC
UP70038,,0.00 ,0,,,Mfg CoC
AN3-6A,,0.00 ,0,,,Mfg CoC
AS3486-09,,2.07 ,403,,,Mfg CoC
AS43013-115,,0.36 ,661,,,Mfg CoC
M83485-1-130,,1.29 ,1526,,,Mfg CoC
00-200-1583,,0.00 ,0,,,Mfg CoC
M8791-1-345,,0.00 ,0,,,Mfg CoC
M83485-1-011,,0.28 ,1001,,,Mfg CoC
MS9557-09,,1.25 ,1718,,,Mfg CoC
NAS1352N04-8,,0.39 ,1400,,,Mfg CoC
MS21916J8-6,,0.00 ,0,,,Mfg CoC
NAS1351-3-12P,,0.28 ,0,,,Mfg CoC
MS17826-6,,0.83 ,0,,,Mfg CoC
AN4-22A,,0.47 ,0,,,Mfg CoC
MS9557-14,,1.10 ,828,,,Mfg CoC
NAS1352N08-10,,0.46 ,1281,,,Mfg CoC
J626P04,,0.00 ,0,,,Mfg CoC
AS21919WCE07,,0.49 ,0,,,Mfg CoC
M83248-1-904,,0.29 ,1613,,,Mfg CoC
AS3209-120,,0.30 ,0,,,Mfg CoC
AS3257-02,,3.53 ,29,,,Mfg CoC
MS9276-12,,1.03 ,0,,,Mfg CoC
NAS1611-010A,,2.55 ,1570,,,Mfg CoC
MS9565-06,,1.45 ,1295,,,Mfg CoC
MS124698,,0.35 ,1550,,,Mfg CoC
MS9556-09,,1.00 ,117,,,Mfg CoC
BT36-6,,0.00 ,0,,,Mfg CoC
MS9201-06,,29.28 ,192,,,Mfg CoC
AN6-52,,0.00 ,0,,,Mfg CoC
AS62207,,9.74 ,617,,,Mfg CoC
BACP18BC02A06P,,0.03 ,0,,,Mfg CoC
MS24693S49,,0.02 ,1507,,,Mfg CoC
NAS1611-014A,,0.33 ,1503,,,Mfg CoC
NSA5060E4,,2.64 ,0,,,Mfg CoC
AS48412,,2.90 ,508,,,Mfg CoC
AS3236-12,,12.06 ,0,,,Mfg CoC
00-200-1507,,0.00 ,0,,,Mfg CoC
MS21209F4-10P,,0.20 ,19,,,Mfg CoC
AS3236-14,,7.28 ,131,,,Mfg CoC
BACS12GU3K8,,0.67 ,0,,,Mfg CoC
9985M32P01,,4.50 ,1552,,,Mfg CoC
21217DB2407,,0.25 ,5586,,,Mfg CoC
M83485/1-008,,0.48 ,24,,,Mfg CoC
BACS12GU3K13,,0.90 ,0,,,Mfg CoC
TRC2,,1.92 ,1399,,,Mfg CoC
MS21056L3,,2.10 ,1357,,,Mfg CoC
M83248-1-012,,0.21 ,540,,,Mfg CoC
AS1895-7-125,,30.12 ,596,,,Mfg CoC
MS9320-10,,0.06 ,1326,,,Mfg CoC
MS21209F1-20P,,0.41 ,660,,,Mfg CoC
AN123620,,0.43 ,2020,,,Mfg CoC
M8791-1-009,,0.80 ,0,,,Mfg CoC
AS43013-114,,0.34 ,597,,,Mfg CoC
AS3237-09,,3.07 ,345,,,Mfg CoC
NAS1149D0416J,,0.01 ,0,,,Mfg CoC
AS21010,,1.81 ,0,,,Mfg CoC
MS122904,,0.22 ,956,,,Mfg CoC
NAS1805-3,,2.64 ,576,,,Mfg CoC
C63559-4,,1.26 ,2242,,,Mfg CoC
AN960-516,,0.03 ,1240,,,Mfg CoC
NAS1611-431A,,0.00 ,0,,,Mfg CoC
AXCL02,,3.62 ,36759,,,Mfg CoC
AS1895-23-250,,97.37 ,864,,,Mfg CoC
NAS1149E0463R,,0.18 ,0,,,Mfg CoC
S34851-346H99,,93.46 ,0,,,Mfg CoC
M39029/58-363,,0.20 ,1208,,,Mfg CoC
AS62410,,9.86 ,486,,,Mfg CoC
AS62412,,13.55 ,320,,,Mfg CoC
BACP18BC03A10P,,0.07 ,200,,,Mfg CoC
AS27830,,5.00 ,991,,,Mfg CoC
M83485/1-119,,10.36 ,494,,,Mfg CoC
NAS1149EN832P,,0.07 ,1180,,,Mfg CoC
AS1895-7-300,,22.50 ,685,,,Mfg CoC
MS16995-9,,0.11 ,1168,,,Mfg CoC
AN123336,,0.60 ,351,,,Mfg CoC
AN5-31,,1.31 ,0,,,Mfg CoC
NAS1611-336A,,4.50 ,0,,,Mfg CoC
201697605,,0.00 ,0,,,Mfg CoC
BACW10BP10PK,,1.10 ,0,,,Mfg CoC
NAS1791C3-2,,1.27 ,1100,,,Mfg CoC
NAS1149E0332P,,0.15 ,1100,,,Mfg CoC
MS51830-104L,,2.11 ,9,,,Mfg CoC
TA025056,,233.31 ,1449,,,Mfg CoC
NAS620-4L,,0.04 ,0,,,Mfg CoC
NAS1611-017A,,0.37 ,1058,,,Mfg CoC
833-2302,,0.00 ,0,,,Mfg CoC
7431MS952T,,0.00 ,0,,,Mfg CoC
MS17826-5,,0.00 ,0,,,Mfg CoC
BACN11N4CS,,3.04 ,0,,,Mfg CoC
NAS1802-3-8,,1.00 ,900,,,Mfg CoC
ABS1509A160NN,,5.98 ,1009,,,Mfg CoC
AS3237-18,,2.43 ,0,,,Mfg CoC
AN123619,,0.07 ,87,,,Mfg CoC
NAS6604-9,,0.80 ,967,,,Mfg CoC
MS35206-230,,0.07 ,976,,,Mfg CoC
AS3251-07,,5.07 ,409,,,Mfg CoC
MS20426AD4-7,,0.03 ,589,,,Mfg CoC
MS21902J6,,13.66 ,4,,,Mfg CoC
MS9556-20,,1.23 ,482,,,Mfg CoC
AS3237-07,,2.20 ,306,,,Mfg CoC
AS3237-13,,2.67 ,892,,,Mfg CoC
MS9556-04,,1.40 ,339,,,Mfg CoC
BACS12GU3K25,,3.13 ,0,,,Mfg CoC
BACB30NN3K18,,12.14 ,0,,,Mfg CoC
AS3237-20,,3.59 ,23,,,Mfg CoC
AN960C516L,,0.04 ,24,,,Mfg CoC
M83461-1-345,,0.00 ,0,,,Mfg CoC
AS21407,,1.65 ,854,,,Mfg CoC
MS35206-217,,0.04 ,885,,,Mfg CoC
MS17825-5,,0.00 ,0,,,Mfg CoC
AS3208-08,,0.00 ,0,,,Mfg CoC
NAS1351-3H14P,,0.97 ,350,,,Mfg CoC
AN173H4A,,0.00 ,0,,,Mfg CoC
M83485-1-013,,0.47 ,573,,,Mfg CoC
MS9245-65,,0.78 ,135,,,Mfg CoC
MS24665-368,,0.06 ,671,,,Mfg CoC
AS21919WCE06,,0.53 ,0,,,Mfg CoC
201540600,,0.00 ,0,,,Mfg CoC
NAS1097D4-8,,0.04 ,857,,,Mfg CoC
MS20615-3M4,,0.12 ,854,,,Mfg CoC
114193606,,37.91 ,0,,,Mfg CoC
M25988-1-906,,0.35 ,501,,,Mfg CoC
MS16562-190,,0.11 ,618,,,Mfg CoC
NAS1102E6-16,,3.91 ,765,,,Mfg CoC
600-052,,0.00 ,0,,,Mfg CoC
MS16995-20,,0.20 ,800,,,Mfg CoC
AS48414,,0.00 ,0,,,Mfg CoC
AS3209-130,,0.82 ,528,,,Mfg CoC
AS3237-28,,3.13 ,126,,,Mfg CoC
NAS1102E3R8,,3.57 ,0,,,Mfg CoC
BACB30NM3K16,,2.84 ,0,,,Mfg CoC
AS1895-7-200,,20.93 ,67,,,Mfg CoC
NAS1352N04-6,,0.56 ,765,,,Mfg CoC
MS21209F1-15L,,0.14 ,2824,,,Mfg CoC
M83248/1-904,,0.22 ,677,,,Mfg CoC
AS3209-148,,1.81 ,500,,,Mfg CoC
M83248/1-029,,0.51 ,759,,,Mfg CoC
CR2662-3-3,,6.32 ,394,,,Mfg CoC
201389605,,3.56 ,0,,,Mfg CoC
BACB30NR4K8,,3.05 ,0,,,Mfg CoC
MS35265-45,,0.45 ,727,,,Mfg CoC
AS3209-107,,0.22 ,0,,,Mfg CoC
BACP18BC03B08P,,0.48 ,664,,,Mfg CoC
M45932/1-9L,,2.34 ,602,,,Mfg CoC
M83461/1-012,,0.50 ,1564,,,Mfg CoC
BACS12ER3K10,,0.97 ,0,,,Mfg CoC
NAS620-10L,,0.03 ,706,,,Mfg CoC
MS21083C4,,1.80 ,89,,,Mfg CoC
SRK374L,,15.15 ,681,,,Mfg CoC
NAS1611-221A,,1.06 ,487,,,Mfg CoC
0F25-021,,125.00 ,1438,,,FAA 8130-3
AS3237-14,,5.93 ,71,,,Mfg CoC
AS43013-218,,1.03 ,58,,,Mfg CoC
MS21209F6-10P,,0.34 ,2172,,,Mfg CoC
AS43003-905,,0.45 ,511,,,Mfg CoC
MS9245-62,,0.48 ,178,,,Mfg CoC
BACR12BM213,,1.40 ,1201,,,Mfg CoC
MS21076L3N,,1.33 ,543,,,Mfg CoC
M83485-1-112,,0.71 ,0,,,Mfg CoC
AS3251-08,,3.87 ,258,,,Mfg CoC
AS3209-158,,2.23 ,712,,,Mfg CoC
BACW10BP6ACU,,0.58 ,0,,,Mfg CoC
MS9489-06,,1.05 ,369,,,Mfg CoC
MS21044C3,,0.26 ,665,,,Mfg CoC
AS21509,,2.26 ,587,,,Mfg CoC
NAS1611-009,,0.37 ,0,,,Mfg CoC
MS20427M4-7,,0.15 ,650,,,Mfg CoC
BACP18BC03A08P,,0.09 ,0,,,Mfg CoC
NAS1149D0332K,,0.11 ,645,,,Mfg CoC
NAS620-2,,0.01 ,642,,,Mfg CoC
MS21044N4,,0.00 ,0,,,Mfg CoC
MS9967-011,,0.91 ,980,,,Mfg CoC
PMT738-3U18,,3.60 ,80,,,Mfg CoC
9062A0002-01,,0.00 ,0,,,Mfg CoC
J644P21A,,25.50 ,665,,,Mfg CoC
AS3485-11,,3.46 ,314,,,Mfg CoC
MS35649-264,,0.27 ,624,,,Mfg CoC
NAS1149FN832P,,0.03 ,623,,,Mfg CoC
BACW10BP3CK,,0.24 ,0,,,Mfg CoC
MS20426AD6-8,,0.03 ,513,,,Mfg CoC
AS3251-15,,5.68 ,187,,,Mfg CoC
AS62416,,10.10 ,79,,,Mfg CoC
NAS620A6,,0.03 ,600,,,Mfg CoC
MS27039-1-08,,0.12 ,600,,,Mfg CoC
MS24693-C24,,0.05 ,1471,,,Mfg CoC
MS20470AD5-10,,0.03 ,600,,,Mfg CoC
NAS1351-3-14P,,0.00 ,0,,,Mfg CoC
9794410125,,0.00 ,0,,,Mfg CoC
AGS3900,,5.50 ,328,,,Mfg CoC
NAS1399C3A5,,0.70 ,0,,,Mfg CoC
C54001-181,,4.65 ,0,,,Mfg CoC
MS35265-12,,0.29 ,580,,,Mfg CoC
AN3-4A,,0.34 ,322,,,Mfg CoC
MS124656,,2.50 ,577,,,Mfg CoC
MS35207-264,,0.03 ,576,,,Mfg CoC
C10GT3-04,,11.19 ,97,,,Mfg CoC
BACS12GU3K7,,0.86 ,0,,,Mfg CoC
AS3209-122,,0.32 ,99,,,Mfg CoC
AS3209-018,,0.32 ,208,,,Mfg CoC
M83248-1-143,,3.65 ,0,,,Mfg CoC
XB4258-08HK,,0.00 ,0,,,Mfg CoC
M83248/1-910,,0.53 ,539,,,Mfg CoC
M83485/1-122,,0.82 ,432,,,Mfg CoC
M83485-1-905,,0.82 ,0,,,Mfg CoC
AS62406,,6.90 ,196,,,Mfg CoC
AS1895-7-100,,24.65 ,47,,,Mfg CoC
SRK374L2,,29.76 ,220,,,Mfg CoC
NAS1802-04-5,,0.14 ,471,,,Mfg CoC
AS43013-016,,0.64 ,150,,,Mfg CoC
HL12VAZ6-4,,1.15 ,515,,,Mfg CoC
NAS6704DU32,,3.55 ,0,,,Mfg CoC
AS1895-7-600,,32.36 ,373,,,Mfg CoC
MS21209F1-10P,,0.38 ,511,,,Mfg CoC
MS20470E6-7,,0.07 ,522,,,Mfg CoC
AS3209-151,,1.56 ,444,,,Mfg CoC
NAS5312E4-16,,1.30 ,485,,,Mfg CoC
MS20426AD6-7,,0.70 ,273,,,Mfg CoC
MS21052-3,,0.79 ,99,,,Mfg CoC
MS9697-10,,8.03 ,500,,,Mfg CoC
MS20002-8,,0.06 ,500,,,Mfg CoC
MS20426AD3-9,,0.02 ,125,,,Mfg CoC
BACN10HC3CD,,54.00 ,500,,,Mfg CoC
AS1895/23-350,,77.79 ,500,,,Mfg CoC
MS35206-242,,0.05 ,494,,,Mfg CoC
MS21250-04012,,1.62 ,374,,,Mfg CoC
BACR12BM218,,1.64 ,0,,,Mfg CoC
AS27870,,11.25 ,3964,,,Mfg CoC
M83485-1-012,,0.41 ,175,,,Mfg CoC
NAS1130-4FL15,,0.26 ,198,,,Mfg CoC
NAS1291C6M,,2.11 ,215,,,Mfg CoC
MS124662,,0.90 ,960,,,Mfg CoC
AS1895-7-150,,25.50 ,42,,,Mfg CoC
PMT738-3U16,,3.63 ,408,,,Mfg CoC
MS9556-07,,0.87 ,174,,,Mfg CoC
NAS6604D40,,2.75 ,468,,,Mfg CoC
AS1895-23-400,,89.35 ,34,,,Mfg CoC
BACN11Z4CK,,1.63 ,112,,,Mfg CoC
NAS1102E6-18,,6.98 ,466,,,Mfg CoC
AS61903,,18.05 ,308,,,Mfg CoC
AS44692,,0.00 ,0,,,Mfg CoC
NAS1102-3-10,,0.18 ,203,,,Mfg CoC
MS9556-12,,1.04 ,281,,,Mfg CoC
M83485-1-158,,0.00 ,0,,,Mfg CoC
NAS1611-211A,,0.56 ,378,,,Mfg CoC
AS62506,,11.72 ,25,,,Mfg CoC
MS28774-015,,0.35 ,400,,,Mfg CoC
NAS1130-4FL10,,0.30 ,336,,,Mfg CoC
9794410150,,0.00 ,0,,,Mfg CoC
M83248/1-908,,0.34 ,103,,,Mfg CoC
NAS600-14P,,0.11 ,420,,,Mfg CoC
MS35265-30,,0.20 ,416,,,Mfg CoC
NAS1611-242A,,0.00 ,0,,,Mfg CoC
NAS2803-2,,1.19 ,199,,,Mfg CoC
MS9556-05,,1.25 ,1736,,,Mfg CoC
AS61932,,26.23 ,134,,,Mfg CoC
AS3209-226,,1.23 ,286,,,Mfg CoC
NAS620C4L,,0.06 ,400,,,Mfg CoC
J626P03,,2.99 ,4034,,,Mfg CoC
MS20426AD6-9,,0.03 ,398,,,Mfg CoC
AS1895-23-550,,120.86 ,186,,,Mfg CoC
AN4-11,,0.00 ,0,,,Mfg CoC
ST1698D48,,25.00 ,193,,,Mfg CoC
AS62424,,17.49 ,127,,,Mfg CoC
AS21513,,3.93 ,120,,,Mfg CoC
A10086,,5.79 ,0,,,Mfg CoC
MS28775-013,,0.20 ,271,,,Mfg CoC
NAS1805-3P,,1.67 ,339,,,Mfg CoC
MS21062L3,,1.50 ,385,,,Mfg CoC
J1221G06,,3.63 ,496,,,Mfg CoC
NAS1130-06L10,,0.30 ,183,,,Mfg CoC
D66001,,1.69 ,0,,,Mfg CoC
MS35265-4,,1.12 ,379,,,Mfg CoC
AS3209-138,,2.05 ,232,,,Mfg CoC
MS51957-13,,0.25 ,275,,,Mfg CoC
AS3209-128,,0.60 ,0,,,Mfg CoC
AS43013-214,,2.50 ,324,,,Mfg CoC
NAS1805-6,,4.33 ,365,,,Mfg CoC
M83485/1-040,,0.78 ,362,,,Mfg CoC
M83485-1-110,,0.45 ,139,,,Mfg CoC
1015597,,59.00 ,0,,,Mfg CoC
EN3155-004M1616,,2.61 ,199,,,Mfg CoC
AS3237-32,,6.95 ,0,,,Mfg CoC
AS3209-113,,0.47 ,5523,,,Mfg CoC
AS62216,,31.85 ,174,,,Mfg CoC
MS35265-15,,0.15 ,348,,,Mfg CoC
201253630,,0.00 ,0,,,Mfg CoC
BACP18BC03B12P,,0.39 ,143,,,Mfg CoC
MS35265-13,,1.55 ,340,,,Mfg CoC
MS21924-20R,,104.14 ,221,,,Mfg CoC
BACW10BP5APU,,0.40 ,315,,,Mfg CoC
NAS5311E4-11,,1.00 ,337,,,Mfg CoC
MS9245-24,,0.12 ,318,,,Mfg CoC
MS29513-225,,0.46 ,202,,,Mfg CoC
AS3209-135,,0.82 ,48,,,Mfg CoC
AS48423,,4.12 ,190,,,Mfg CoC
AS3209-165,,3.25 ,44,,,Mfg CoC
NAS1304-6D,,0.00 ,0,,,Mfg CoC
AS21120,,7.29 ,300,,,Mfg CoC
AS1895-1-200,,379.63 ,3,,,Mfg CoC
9752005044,,0.00 ,0,,,Mfg CoC
AS48519,,4.35 ,0,,,Mfg CoC
MS21914-4R,,28.95 ,0,,,Mfg CoC
C10GT3-10,,14.19 ,62,,,Mfg CoC
BACB30ZF4-10,,6.55 ,0,,,Mfg CoC
NAS1149E0663R,,0.22 ,384,,,Mfg CoC
AS48426,,4.31 ,0,,,Mfg CoC
BACB30NN3K17,,2.11 ,0,,,Mfg CoC
MS27488-16-2,,0.50 ,0,,,Mfg CoC
MS9581-12,,1.77 ,62,,,Mfg CoC
NAS1097AD4-7,,0.04 ,303,,,Mfg CoC
5105-25H,,0.66 ,300,,,Mfg CoC
MS9276-11,,0.00 ,0,,,Mfg CoC
NAS602-10P,,0.12 ,300,,,Mfg CoC
MS35842-12,,1.65 ,0,,,Mfg CoC
MS28774-009,,0.77 ,0,,,Mfg CoC
HL48-8-2,,6.17 ,300,,,Mfg CoC
EN3155-005F1212,,7.60 ,0,,,Mfg CoC
AN960C10,,0.08 ,300,,,Mfg CoC
21217CA2410,,3.15 ,200,,,Mfg CoC
400WSS8,,8.71 ,500,,,Mfg CoC
M83485-1-027,,1.41 ,56,,,Mfg CoC
BACB30US4K16,,24.50 ,298,,,Mfg CoC
M83485/1-012,,0.34 ,298,,,Mfg CoC
AS3209-156,,1.76 ,126,,,Mfg CoC
BACW10BN6UC,,0.73 ,1,,,Mfg CoC
C54001-214,,0.00 ,0,,,Mfg CoC
AS3209-014,,0.00 ,0,,,Mfg CoC
AS3208-06,,0.18 ,424,,,Mfg CoC
MS35276-259,,0.86 ,280,,,Mfg CoC
MS17825-7,,0.00 ,0,,,Mfg CoC
MS20002C4,,0.00 ,0,,,Mfg CoC
PSC738-6U13,,5.58 ,66,,,Mfg CoC
BH00597M3,,1.80 ,278,,,Mfg CoC
MS9575-09,,5.45 ,130,,,Mfg CoC
MS17826-4,,0.89 ,7,,,Mfg CoC
AS43013-158,,4.27 ,11,,,Mfg CoC
AS43013-226,,0.00 ,0,,,Mfg CoC
MS24677-7,,0.75 ,270,,,Mfg CoC
AN960C616L,,0.09 ,249,,,Mfg CoC
BACR12BM210,,1.16 ,272,,,Mfg CoC
CR2662-3-4,,1.49 ,151,,,Mfg CoC
AS3209-164,,4.59 ,182,,,Mfg CoC
9794410075,,0.00 ,0,,,Mfg CoC
3D0099-8-8,,0.00 ,0,,,Mfg CoC
NAS1101E04H4,,0.00 ,0,,,Mfg CoC
MS9245-45,,0.25 ,229,,,Mfg CoC
NAS1351-4H10P,,0.96 ,253,,,Mfg CoC
MS21250-04014,,3.21 ,180,,,Mfg CoC
NAS1921M04S03,,1.00 ,250,,,Mfg CoC
NAS1802-08-5,,0.35 ,250,,,Mfg CoC
MS9556-11,,1.60 ,250,,,Mfg CoC
MS21209F6-15,,0.24 ,250,,,Mfg CoC
M23053/5-104-0,,3.00 ,200,,,Mfg CoC
BACR12BM222,,2.04 ,37,,,Mfg CoC
MS16625-4037,,1.26 ,214,,,Mfg CoC
MS29512-04,,0.14 ,270,,,Mfg CoC
NAS1611-119A,,0.50 ,213,,,Mfg CoC
AN960PD4L,,0.04 ,240,,,Mfg CoC
M83248/1-216,,0.94 ,236,,,Mfg CoC
J221P028,,2.63 ,235,,,Mfg CoC
MS24665-360,,0.05 ,232,,,Mfg CoC
BACN10HY6AC,,3.20 ,140,,,Mfg CoC
AS21510,,4.51 ,230,,,Mfg CoC
BACN11Z5CD,,0.00 ,0,,,Mfg CoC
CR2663-3-1,,2.41 ,144,,,Mfg CoC
M83248/1-259,,3.46 ,142,,,Mfg CoC
MS17826-9,,0.00 ,0,,,Mfg CoC
TA025022-07,,30.80 ,208,,,Mfg CoC
AS43013-125,,2.00 ,59,,,Mfg CoC
MS51830-201L,,1.45 ,450,,,Mfg CoC
ABS1509A180NN,,7.13 ,220,,,Mfg CoC
NAS1802-4-10,,5.96 ,0,,,Mfg CoC
NAS1149F0716P,,0.00 ,0,,,Mfg CoC
AS42714,,38.53 ,123,,,Mfg CoC
9794410095,,0.00 ,0,,,Mfg CoC
AS23024,,6.00 ,164,,,Mfg CoC
J1221G03,,7.32 ,280,,,Mfg CoC
NAS1102E4-11,,1.90 ,172,,,Mfg CoC
649-411-850-0,,150.00 ,612,,,Mfg CoC
AS3237-24,,3.92 ,0,,,Mfg CoC
NAS620C416L,,0.05 ,208,,,Mfg CoC
MS9556-16,,1.80 ,197,,,Mfg CoC
MS28775-231,,0.38 ,208,,,Mfg CoC
AS3209-141,,1.18 ,247,,,Mfg CoC
NAS1611-115A,,0.50 ,207,,,Mfg CoC
NSA5060E5,,0.00 ,0,,,Mfg CoC
AS1895/7-400,,31.21 ,0,,,Mfg CoC
202W302-12-0,,84.96 ,0,,,Mfg CoC
MS35650-3385T,,0.56 ,205,,,Mfg CoC
M25988-4-235,,4.26 ,90,,,Mfg CoC
NAS1149E0532R,,0.12 ,72,,,Mfg CoC
AS43003-907,,0.43 ,146,,,Mfg CoC
9200-116-0,,94.39 ,174,,,Mfg CoC
NAS679C3MW,,0.99 ,200,,,Mfg CoC
NAS1149C0763R,,0.15 ,200,,,Mfg CoC
NAS1149EN632P,,0.07 ,200,,,Mfg CoC
MS24693C26,,0.04 ,200,,,Mfg CoC
MS21083C3,,0.72 ,0,,,Mfg CoC
MS20427M5-7,,0.40 ,200,,,Mfg CoC
M25988/1-906,,0.44 ,200,,,Mfg CoC
CCR264CS3-04,,0.23 ,200,,,Mfg CoC
AS3257-05,,2.79 ,0,,,Mfg CoC
9836005012,,0.00 ,0,,,Mfg CoC
AN525-832R7,,0.20 ,200,,,Mfg CoC
9310-N02CA22BL,,0.08 ,0,,,Mfg CoC
9794410560,,0.00 ,0,,,Mfg CoC
A104-1C,,0.68 ,199,,,Mfg CoC
PMT738-3U15,,0.00 ,0,,,Mfg CoC
NAS1154E9,,0.00 ,0,,,Mfg CoC
J644P15A,,25.00 ,196,,,Mfg CoC
AS3209-154,,1.62 ,185,,,Mfg CoC
AS48618,,7.16 ,38,,,Mfg CoC
M83485/1-152,,3.54 ,0,,,Mfg CoC
M83485-1-125,,1.71 ,214,,,Mfg CoC
NAS1922-0175-3,,6.19 ,190,,,Mfg CoC
AS3209-127,,0.39 ,190,,,Mfg CoC
AS1895-7-175,,17.88 ,53,,,Mfg CoC
BACB28AK06-040,,2.69 ,160,,,Mfg CoC
NAS6704HU6,,2.11 ,188,,,Mfg CoC
NAS6604D5,,0.69 ,0,,,Mfg CoC
CR2662-3-2,,7.19 ,61,,,Mfg CoC
AS1895/23-100,,79.36 ,3,,,Mfg CoC
55-1503007-00,,10.33 ,0,,,Mfg CoC
EN3155-005F1616,,4.90 ,174,,,Mfg CoC
MS9245-44,,0.31 ,146,,,Mfg CoC
M83485/1-017,,1.26 ,4,,,Mfg CoC
BACW10BP12ACU,,0.00 ,0,,,Mfg CoC
M83461/1-020,,0.39 ,180,,,Mfg CoC
HL97-8,,81.99 ,57,,,Mfg CoC
BACB30PN4-11,,45.49 ,171,,,Mfg CoC
J644P11A,,4.75 ,502,,,Mfg CoC
NAS1398C3A2,,2.30 ,44,,,Mfg CoC
NAS6604D9,,0.00 ,0,,,Mfg CoC
NAS6303U5,,2.58 ,0,,,Mfg CoC
MS35338-46,,0.08 ,175,,,Mfg CoC
NAS1805-10P,,0.00 ,0,,,Mfg CoC
AS3209-015,,0.41 ,0,,,Mfg CoC
400WSS6,,8.96 ,103,,,Mfg CoC
NAS8203A10,,0.00 ,0,,,Mfg CoC
NAS2815C15H,,17.79 ,87,,,Mfg CoC
AS3209-162,,4.05 ,238,,,Mfg CoC
NAS1726C6S,,4.80 ,170,,,Mfg CoC
MS20427M6-7,,0.01 ,170,,,Mfg CoC
MS21083C04,,0.27 ,169,,,Mfg CoC
310A2040-7,,136.77 ,90,,,Mfg CoC
SP156E,,0.91 ,0,,,Mfg CoC
MS28775-141,,2.72 ,167,,,Mfg CoC
NAS1291C7M,,4.72 ,0,,,Mfg CoC
NAS1612-20,,0.88 ,155,,,Mfg CoC
C10GT3-06,,13.03 ,5,,,Mfg CoC
MS35275-215,,0.17 ,164,,,Mfg CoC
J951P08A,,0.00 ,0,,,Mfg CoC
AS4824N06,,4.90 ,163,,,Mfg CoC
NAS1102E4-16,,1.53 ,162,,,Mfg CoC
NAS1352-08H8P,,1.01 ,160,,,Mfg CoC
NAS1303-4,,0.09 ,0,,,Mfg CoC
JM44LC39S103RG,,0.70 ,160,,,Mfg CoC
AN320-3,,0.67 ,160,,,Mfg CoC
AN123249,,0.18 ,118,,,Mfg CoC
NAS6203-7,,0.13 ,158,,,Mfg CoC
M83248-1-905,,1.00 ,595,,,Mfg CoC
NAS1791A3-3,,0.40 ,156,,,Mfg CoC
AS3209-234,,1.67 ,104,,,Mfg CoC
NAS1611-011A,,0.18 ,82,,,Mfg CoC
AS3209-114,,0.36 ,30,,,Mfg CoC
TA025074-05,,195.00 ,50,,,Mfg CoC
TA027016-04,,25.92 ,176,,,Mfg CoC
NAS1726C6PE,,2.33 ,150,,,Mfg CoC
NAS1352-3-10P,,0.34 ,50,,,Mfg CoC
NAS1352N08H8,,1.31 ,150,,,Mfg CoC
M39029/56-352,,0.52 ,144,,,Mfg CoC
MS28889-2,,0.00 ,0,,,Mfg CoC
MS20470AD5-4,,0.03 ,147,,,Mfg CoC
MS21060-4,,1.56 ,299,,,Mfg CoC
AS3251-12,,6.03 ,66,,,Mfg CoC
AS1895/7-200,,0.00 ,0,,,Mfg CoC
9794410100,,0.00 ,0,,,Mfg CoC
NAS6604-8,,0.93 ,144,,,Mfg CoC
AS1895/23-200,,78.36 ,5,,,Mfg CoC
AN5H15A,,2.52 ,142,,,Mfg CoC
MS9576-07,,0.00 ,0,,,Mfg CoC
AS1895/4-100,,394.08 ,3,,,Mfg CoC
NAS1612-6,,0.64 ,37,,,Mfg CoC
MS9556-13,,1.15 ,0,,,Mfg CoC
M83485-1-019,,0.68 ,88,,,Mfg CoC
J644P14A,,9.30 ,137,,,Mfg CoC
TA025146-15,,196.44 ,88,,,Mfg CoC
M25988/1-904,,0.33 ,233,,,Mfg CoC
RL20R,,575.94 ,0,,,Mfg CoC
MS35207-260,,0.05 ,135,,,Mfg CoC
MS14144L8,,5.02 ,0,,,Mfg CoC
AS3208-04,,0.26 ,135,,,Mfg CoC
MS28782-19,,0.38 ,159,,,Mfg CoC
M83485-1-216,,2.10 ,0,,,Mfg CoC
S3225-905,,0.42 ,0,,,Mfg CoC
NAS1149E0632R,,0.15 ,61,,,Mfg CoC
AS62505,,10.00 ,81,,,Mfg CoC
AS62206,,9.00 ,172,,,Mfg CoC
9729105082,,0.00 ,0,,,Mfg CoC
NAS1611-113A,,0.48 ,130,,,Mfg CoC
MS21250-04016,,2.35 ,130,,,Mfg CoC
AS43013-129,,0.84 ,131,,,Mfg CoC
NAS6203-30D,,0.99 ,127,,,Mfg CoC
M83248/1-161,,4.03 ,42,,,Mfg CoC
9837105016,,0.00 ,0,,,Mfg CoC
NAS517-3-3,,0.09 ,124,,,Mfg CoC
C10GT3-20,,20.65 ,0,,,Mfg CoC
387AC078M1006A1,,275.00 ,154,,,Mfg CoC
M83248/1-022,,0.54 ,222,,,Mfg CoC
AS62420,,14.25 ,80,,,Mfg CoC
NAS1398C4A2,,0.00 ,0,,,Mfg CoC
MS24693-C28,,0.04 ,121,,,Mfg CoC
MS9566-08,,23.42 ,20,,,Mfg CoC
M83248-1-128,,1.61 ,120,,,Mfg CoC
M83248-1-134,,0.78 ,120,,,Mfg CoC
AS3236-09,,2.64 ,103,,,Mfg CoC
M83248/1-912,,0.83 ,1116,,,Mfg CoC
BACB28AK04-030,,3.45 ,5,,,Mfg CoC
MS9245-27,,0.15 ,117,,,Mfg CoC
MS27488-20,,0.11 ,115,,,Mfg CoC
AS3209-238,,1.50 ,115,,,Mfg CoC
21217DB3610,,10.48 ,109,,,Mfg CoC
NAS1351N3-10,,1.00 ,14,,,Mfg CoC
AS3209-123,,0.77 ,114,,,Mfg CoC
AS3209-125,,0.53 ,0,,,Mfg CoC
M83485-1-123,,1.57 ,10,,,Mfg CoC
MS51021-23,,3.31 ,111,,,Mfg CoC
322338,,2.43 ,0,,,Mfg CoC
AS3251-06,,7.75 ,465,,,Mfg CoC
MS28775-010,,0.23 ,108,,,Mfg CoC
202W312-12-0,,128.83 ,82,,,Mfg CoC
MS20426AD6-6,,0.02 ,106,,,Mfg CoC
M39029/56-351,,1.30 ,100,,,Mfg CoC
NAS1804-6,,2.02 ,45,,,Mfg CoC
9794410236,,0.00 ,0,,,Mfg CoC
J534P03,,27.27 ,104,,,Mfg CoC
C10GT3-16,,20.68 ,2,,,Mfg CoC
M83485-1-155,,2.65 ,0,,,Mfg CoC
J644P08B,,18.72 ,102,,,Mfg CoC
M83461/1-110,,0.15 ,106,,,Mfg CoC
M83485/1-029,,1.44 ,0,,,Mfg CoC
C64289-1,,1.52 ,0,,,Mfg CoC
AN737TW38,,3.45 ,6,,,Mfg CoC
NAS1790C4R4P,,1.27 ,100,,,Mfg CoC
NAS601-8,,0.04 ,100,,,Mfg CoC
NAS1611-137,,0.74 ,100,,,Mfg CoC
NAS1581K4R12G,,39.81 ,70,,,Mfg CoC
NAS1149CN949R,,0.08 ,100,,,Mfg CoC
NAS1102E08-8,,0.18 ,100,,,Mfg CoC
NAS1101E08-8,,0.28 ,100,,,Mfg CoC
MS9452-05,,12.95 ,94,,,Mfg CoC
NAS1102E08-10,,0.50 ,100,,,Mfg CoC
MS28773-06,,1.04 ,0,,,Mfg CoC
MS28775-016,,0.19 ,100,,,Mfg CoC
MS15795-849,,0.15 ,100,,,Mfg CoC
MS20615-3M5,,0.24 ,100,,,Mfg CoC
MS20995N32,,25.51 ,100,,,Mfg CoC
MS122903,,1.31 ,70,,,Mfg CoC
MS14103-6,,15.00 ,0,,,Mfg CoC
J221P009,,0.92 ,100,,,Mfg CoC
M83248/1-222,,0.74 ,100,,,Mfg CoC
BACW10EC6C,,52.59 ,0,,,Mfg CoC
9794410056,,0.00 ,0,,,Mfg CoC
9999M35P06,,14.00 ,100,,,Mfg CoC
AN960C616,,0.09 ,46,,,Mfg CoC
22293CA030006,,0.45 ,100,,,Mfg CoC
NAS1149DN632J,,0.02 ,99,,,Mfg CoC
NAS1329A3-80,,0.40 ,99,,,Mfg CoC
J1221G04,,4.45 ,99,,,Mfg CoC
AS3094-03,,0.54 ,99,,,Mfg CoC
CR3212-5-04,,5.00 ,0,,,Mfg CoC
NSA5059E5,,12.25 ,0,,,Mfg CoC
MS28775-019,,0.26 ,92,,,Mfg CoC
NAS333CPA20,,0.00 ,0,,,Mfg CoC
M83248/1-028,,0.69 ,10,,,Mfg CoC
MS27196-24,,46.82 ,0,,,Mfg CoC
AS12875,,6.13 ,7,,,Mfg CoC
NAS1805-6P,,3.49 ,85,,,Mfg CoC
MS28775-007,,0.11 ,94,,,Mfg CoC
MS171688,,1.37 ,94,,,Mfg CoC
BACN10JC8CM,,12.57 ,84,,,Mfg CoC
NSA5060E12,,0.00 ,0,,,Mfg CoC
MS20605R3W4,,0.23 ,0,,,Mfg CoC
NAS1352N06H10,,1.18 ,91,,,Mfg CoC
M2742630146D,,1.25 ,295,,,Mfg CoC
AS43003-901,,0.44 ,64,,,Mfg CoC
NAS1611-212,,0.33 ,90,,,Mfg CoC
MS35275-244,,0.32 ,90,,,Mfg CoC
MS35650-302,,0.26 ,90,,,Mfg CoC
MS29513-033,,0.48 ,90,,,Mfg CoC
MS29513-023,,0.16 ,90,,,Mfg CoC
MS20426AD4-9,,0.03 ,90,,,Mfg CoC
AN315-3R,,0.23 ,38,,,Mfg CoC
S700M1195C1,,0.00 ,0,,,Mfg CoC
NAS1149F1063P,,0.11 ,89,,,Mfg CoC
MS9320-12,,0.11 ,89,,,Mfg CoC
AS62205,,9.98 ,24,,,Mfg CoC
MS28773-10,,5.47 ,88,,,Mfg CoC
NAS509-5C,,5.05 ,51,,,Mfg CoC
MS20470AD5-12,,0.04 ,85,,,Mfg CoC
AS48534,,10.72 ,0,,,Mfg CoC
S110030,,6.86 ,0,,,Mfg CoC
NAS1611-119,,1.22 ,74,,,Mfg CoC
MS28775-218,,0.26 ,82,,,Mfg CoC
MS28775-115,,0.23 ,84,,,Mfg CoC
AS61933,,15.42 ,37,,,Mfg CoC
NAS5312E4-38,,2.15 ,70,,,Mfg CoC
AN6-33,,1.96 ,83,,,Mfg CoC
AS12821,,4.95 ,0,,,Mfg CoC
MS9556-28,,0.00 ,0,,,Mfg CoC
MS28775-117,,0.28 ,82,,,Mfg CoC
MS21919WDG4,,0.70 ,82,,,Mfg CoC
MS20426B4-6,,0.04 ,278,,,Mfg CoC
STD1031-4907,,3.97 ,80,,,Mfg CoC
NAS1921B04S02,,6.45 ,33,,,Mfg CoC
MS19060-4812,,0.17 ,80,,,Mfg CoC
MBF2122-5-400,,8.20 ,80,,,Mfg CoC
M83461/1-113,,0.53 ,4,,,Mfg CoC
AS43013-021,,4.57 ,70,,,Mfg CoC
9794710112,,0.00 ,0,,,Mfg CoC
9794410090,,0.00 ,0,,,Mfg CoC
MS21076-3N,,0.93 ,77,,,Mfg CoC
MS20427M4-10,,0.05 ,79,,,Mfg CoC
AS12817,,6.05 ,27,,,Mfg CoC
AN6-62,,0.00 ,0,,,Mfg CoC
NAS1149E0332R,,1.26 ,0,,,Mfg CoC
AS3209-274,,10.45 ,29,,,Mfg CoC
AS12847,,4.71 ,25,,,Mfg CoC
8757-350,,0.00 ,0,,,Mfg CoC
NAS1630-3,,0.39 ,75,,,Mfg CoC
NAS1612-12A,,0.82 ,0,,,Mfg CoC
NAS1611-019A,,0.47 ,75,,,Mfg CoC
MS28775-111,,0.20 ,75,,,Mfg CoC
747247,,143.00 ,0,,,Mfg CoC
AS3485-12,,14.45 ,30,,,Mfg CoC
AS21009,,8.87 ,73,,,Mfg CoC
AS12902,,0.00 ,0,,,Mfg CoC
NAS1399C3-3,,1.68 ,50,,,Mfg CoC
MS28775-126,,0.28 ,73,,,Mfg CoC
MS20470AD4-9,,0.02 ,71,,,Mfg CoC
M25988-4-354,,14.90 ,0,,,Mfg CoC
NAS1612-8A,,0.54 ,61,,,Mfg CoC
NAS1388-2,,0.50 ,70,,,Mfg CoC
NAS1096-3-9,,0.22 ,70,,,Mfg CoC
M25988/1-156,,15.37 ,54,,,Mfg CoC
J905P10A,,30.00 ,70,,,Mfg CoC
AS3217-173,,1.50 ,40,,,Mfg CoC
AS3209-121,,2.63 ,70,,,Mfg CoC
AS1895/7-500,,22.11 ,57,,,Mfg CoC
NAS1291C7,,4.65 ,69,,,Mfg CoC
MS35265-6,,0.25 ,69,,,Mfg CoC
9745010005,,0.00 ,0,,,Mfg CoC
CTB9000,,875.22 ,37,,,Mfg CoC
AS3251-14,,0.00 ,0,,,Mfg CoC
AS5230T0606,,62.46 ,60,,,Mfg CoC
AS5169J06L,,19.81 ,67,,,Mfg CoC
AS12842,,0.00 ,0,,,Mfg CoC
948233,,0.00 ,0,,,Mfg CoC
AS3485-09,,4.10 ,66,,,Mfg CoC
NAS1716C12K,,2.80 ,45,,,Mfg CoC
MS24671-8,,0.63 ,11,,,Mfg CoC
AS12884,,6.36 ,65,,,Mfg CoC
AS12818,,4.31 ,22,,,Mfg CoC
NAS516-1A,,0.64 ,142,,,Mfg CoC
MS9025-06,,0.27 ,0,,,Mfg CoC
MS27488-20-1,,0.03 ,61,,,Mfg CoC
MS21042-5,,0.53 ,61,,,Mfg CoC
SLR4001-16B,,30.37 ,57,,,Mfg CoC
NAS1802-3-13,,0.43 ,60,,,Mfg CoC
NAS6703HU2,,3.13 ,57,,,Mfg CoC
NAS6203-11D,,2.34 ,60,,,Mfg CoC
NAS6605D34,,0.92 ,60,,,Mfg CoC
NAS1611-222A,,1.15 ,60,,,Mfg CoC
NAS1351C3H8,,0.51 ,60,,,Mfg CoC
NAS1102E4-14,,2.50 ,60,,,Mfg CoC
MS9557-22,,0.00 ,0,,,Mfg CoC
M25988-1-905,,0.32 ,0,,,Mfg CoC
ASPFFV06-15,,9.07 ,60,,,Mfg CoC
9794410190,,0.00 ,0,,,Mfg CoC
69490D216,,30.23 ,60,,,Mfg CoC
MS9966-06,,3.31 ,0,,,Mfg CoC
HL20PB8-8,,0.80 ,118,,,Mfg CoC
AS3215-130,,1.69 ,35,,,Mfg CoC
NAS1612-4,,0.92 ,58,,,Mfg CoC
MS14101-7,,21.50 ,58,,,Mfg CoC
321896,,1.26 ,0,,,Mfg CoC
BACN11N6CS,,0.00 ,0,,,Mfg CoC
AS1895/23-175,,91.79 ,32,,,Mfg CoC
MS28782-10,,0.98 ,266,,,Mfg CoC
MS90298-2,,5.28 ,55,,,Mfg CoC
M83461/1-116,,0.16 ,55,,,Mfg CoC
M83248/1-149,,1.25 ,50,,,Mfg CoC
9794410132,,0.00 ,0,,,Mfg CoC
7592584-101,,0.00 ,0,,,Mfg CoC
TA025022-12,,0.00 ,0,,,Mfg CoC
NAS1102E4-10,,0.49 ,54,,,Mfg CoC
MS51830-203,,5.77 ,54,,,Mfg CoC
MS21299C4,,0.12 ,54,,,Mfg CoC
M83485-1-018,,0.60 ,40,,,Mfg CoC
AS62203,,10.00 ,766,,,Mfg CoC
AS62208,,11.86 ,50,,,Mfg CoC
387AS008M1206A2,,393.27 ,104,,,Mfg CoC
NAS1611-116,,0.60 ,48,,,Mfg CoC
AS3236-10,,1.51 ,0,,,Mfg CoC
NAS1801-3-19,,0.14 ,52,,,Mfg CoC
MS9390-280,,1.03 ,0,,,Mfg CoC
NAS5312E3-12,,15.00 ,51,,,Mfg CoC
NAS1149E0616R,,0.31 ,51,,,Mfg CoC
7387-400,,82.65 ,51,,,Mfg CoC
NAS8703U5,,0.42 ,50,,,Mfg CoC
NAS600-12,,0.10 ,50,,,Mfg CoC
NAS6304U4,,1.03 ,40,,,Mfg CoC
NAS1149E0416P,,0.07 ,50,,,Mfg CoC
NAS1304-9D,,0.67 ,50,,,Mfg CoC
NAS1200M5-6,,0.08 ,50,,,Mfg CoC
NAS1080C06,,0.14 ,50,,,Mfg CoC
MS9386-218,,5.20 ,20,,,Mfg CoC
MS51957-29,,0.03 ,50,,,Mfg CoC
NAS1102E3-18,,0.36 ,50,,,Mfg CoC
MS21250-07020,,0.50 ,50,,,Mfg CoC
MS28774-111,,0.34 ,50,,,Mfg CoC
MS21914-4J,,6.75 ,50,,,Mfg CoC
MS21141S0402,,0.97 ,50,,,Mfg CoC
MS20500-1032,,1.65 ,50,,,Mfg CoC
MS14145L7,,12.40 ,50,,,Mfg CoC
MS17826-3,,1.15 ,50,,,Mfg CoC
MS20426AD6-10,,0.50 ,1050,,,Mfg CoC
J628P06,,0.00 ,0,,,Mfg CoC
HL18PB5-3,,1.50 ,50,,,Mfg CoC
HL12V6-4,,1.06 ,50,,,Mfg CoC
M83248-1-116,,0.32 ,50,,,Mfg CoC
CR3552-5-04,,6.50 ,50,,,Mfg CoC
CR3552-5-3,,1.36 ,50,,,Mfg CoC
CSR904B4-5,,5.80 ,50,,,Mfg CoC
BACB30NM5K18,,3.06 ,0,,,Mfg CoC
AS3217-164,,2.16 ,50,,,Mfg CoC
AS3554-10,,12.50 ,50,,,Mfg CoC
9794710095,,0.00 ,0,,,Mfg CoC
AN4-15,,5.66 ,0,,,Mfg CoC
649-786-571-0,,22.69 ,50,,,Mfg CoC
624AG5HD,,61.04 ,25,,,Mfg CoC
NAS1097AD5-12,,0.04 ,49,,,Mfg CoC
NAS1081-08A4,,0.87 ,49,,,Mfg CoC
MS9025-08,,1.80 ,21,,,Mfg CoC
M83485-1-131,,1.10 ,0,,,Mfg CoC
AS12812,,0.00 ,0,,,Mfg CoC
MS9321-09,,0.26 ,48,,,Mfg CoC
MS21919WDG11,,0.82 ,48,,,Mfg CoC
HL12VAZ6-6,,0.88 ,11,,,Mfg CoC
MS9025-12,,0.30 ,47,,,Mfg CoC
MS16998-29,,0.43 ,47,,,Mfg CoC
M83485-1-908,,1.14 ,34,,,Mfg CoC
133A1624P7,,0.16 ,153,,,Mfg CoC
21217TB2408,,0.00 ,0,,,Mfg CoC
S9413-008,,0.32 ,46,,,Mfg CoC
AS3237-11,,4.50 ,424,,,Mfg CoC
M83248/1-013,,0.31 ,0,,,Mfg CoC
M83248-1-902,,0.75 ,45,,,Mfg CoC
AS22618,,5.96 ,64,,,Mfg CoC
TA0910083,,24.39 ,33,,,Mfg CoC
NAS1611-112,,0.74 ,44,,,Mfg CoC
MS28774-127,,0.51 ,44,,,Mfg CoC
M25988/1-910,,0.80 ,44,,,Mfg CoC
M83485-1-275,,17.28 ,8,,,Mfg CoC
M83485/1-342,,31.50 ,34,,,Mfg CoC
BA8303-1,,0.00 ,0,,,Mfg CoC
AS61902,,12.82 ,206,,,Mfg CoC
AS43003-904,,0.27 ,25,,,Mfg CoC
ABS0112-24-03,,0.00 ,0,,,Mfg CoC
NAS1919M05S03AU,,1.95 ,22,,,Mfg CoC
NAS1351-4-12P,,0.71 ,42,,,Mfg CoC
MS20427M5-6,,0.38 ,42,,,Mfg CoC
AS62213,,15.96 ,36,,,Mfg CoC
AS3217-165,,2.45 ,9,,,Mfg CoC
TA121003B16-04,,485.20 ,26,,,Mfg CoC
HL584-10AW,,21.40 ,44,,,Mfg CoC
SP127C,,0.07 ,40,,,Mfg CoC
NAS6604-12,,0.00 ,0,,,Mfg CoC
NAS1612-10,,0.95 ,100,,,Mfg CoC
NAS1802-4-12,,0.87 ,40,,,Mfg CoC
MS28775-215,,0.32 ,40,,,Mfg CoC
MS20427F3-4,,0.01 ,40,,,Mfg CoC
M83485/1-145,,1.55 ,31,,,Mfg CoC
J628P04,,2.45 ,40,,,Mfg CoC
BACP18BC03A04P,,0.03 ,40,,,Mfg CoC
BACB30ZF3-09,,5.39 ,0,,,Mfg CoC
AS3209-112,,2.16 ,34,,,Mfg CoC
AN6-56A,,0.00 ,0,,,Mfg CoC
MS9226-04,,52.00 ,35,,,Mfg CoC
MS9386-214,,1.75 ,0,,,Mfg CoC
MS28778-5,,0.23 ,39,,,Mfg CoC
M83485-1-129,,1.30 ,8,,,Mfg CoC
AS21421,,4.02 ,39,,,Mfg CoC
PMT738-3U9,,0.62 ,0,,,Mfg CoC
M83485/1-014,,0.91 ,2,,,Mfg CoC
BACR12BM111,,1.15 ,21,,,Mfg CoC
BACC10GT2-06,,0.00 ,0,,,Mfg CoC
AS3217-176,,3.69 ,20,,,Mfg CoC
649-412-155-0,,13.96 ,176,,,Mfg CoC
322U2338-2,,0.00 ,0,,,Mfg CoC
NAS6203-5,,0.00 ,0,,,Mfg CoC
NAS1611-029,,3.26 ,37,,,Mfg CoC
BACB30NR4K13,,9.69 ,57,,,Mfg CoC
M83485/1-160,,4.04 ,47,,,Mfg CoC
BACB30NR4K6,,2.65 ,41,,,Mfg CoC
AS3209-150,,1.94 ,206,,,Mfg CoC
AS43013-272,,14.50 ,30,,,Mfg CoC
NAS1791C4-1,,2.66 ,35,,,Mfg CoC
MS28774-008,,0.28 ,35,,,Mfg CoC
MS28775-233,,1.19 ,35,,,Mfg CoC
MS21070-3,,0.82 ,35,,,Mfg CoC
MS16625-4112,,1.13 ,81,,,Mfg CoC
GSC500,,0.00 ,0,,,Mfg CoC
J628P05,,0.00 ,0,,,Mfg CoC
HL97DU6,,11.02 ,30,,,Mfg CoC
BACJ40AC54-7,,8.62 ,23,,,Mfg CoC
NAS1193K5C,,6.57 ,34,,,Mfg CoC
AS43013-040,,0.00 ,0,,,Mfg CoC
MS28775-009,,0.14 ,33,,,Mfg CoC
MS27039-0806,,0.16 ,32,,,Mfg CoC
801A50-0005A,,0.00 ,0,,,Mfg CoC
13226-400,,273.63 ,3,,,Mfg CoC
11777-08,,301.24 ,20,,,Mfg CoC
NAS1101E3-8,,0.47 ,4,,,Mfg CoC
M83248-1-130,,1.18 ,26,,,Mfg CoC
J1221G08,,10.62 ,31,,,Mfg CoC
BACB28AK04-042,,5.65 ,0,,,Mfg CoC
310A2042-3,,0.00 ,0,,,Mfg CoC
S8990-564,,1.94 ,30,,,Mfg CoC
NAS6604D10,,0.92 ,41,,,Mfg CoC
NAS1611-023A,,0.74 ,30,,,Mfg CoC
NAS1352N04-4,,0.24 ,30,,,Mfg CoC
NAS1611-123A,,0.60 ,30,,,Mfg CoC
MS9489-08,,0.93 ,30,,,Mfg CoC
MS9386-222,,0.60 ,30,,,Mfg CoC
NAS1102E04-4,,0.40 ,30,,,Mfg CoC
MS35275-231,,0.30 ,30,,,Mfg CoC
MS21140S0402,,1.60 ,30,,,Mfg CoC
MS27198-24,,53.20 ,10,,,Mfg CoC
HL10V12-16,,6.79 ,30,,,Mfg CoC
J643P07A,,10.33 ,30,,,Mfg CoC
M83248/1-151,,0.80 ,30,,,Mfg CoC
EN2997SE61005BN,,141.20 ,21,,,Mfg CoC
CR3522-4-03,,1.76 ,30,,,Mfg CoC
AS3209-159,,1.71 ,30,,,Mfg CoC
59169-1,,6.49 ,30,,,Mfg CoC
EN2997SE60803B7,,55.32 ,18,,,Mfg CoC
AS62211,,10.80 ,34,,,Mfg CoC
AS1895/23-300,,70.98 ,72,,,Mfg CoC
S3225-222,,0.00 ,0,,,Mfg CoC
NAS1791C4-2NP,,5.47 ,28,,,Mfg CoC
MS9954-08,,10.16 ,28,,,Mfg CoC
MS35842-14,,2.10 ,233,,,Mfg CoC
MS28775-260,,3.67 ,28,,,Mfg CoC
MS20470AD4-4,,0.03 ,28,,,Mfg CoC
M83485/1-112,,0.32 ,28,,,Mfg CoC
BACR12BM115,,0.54 ,28,,,Mfg CoC
NAS1801-08-7,,0.07 ,27,,,Mfg CoC
MS9902-04,,8.02 ,90,,,Mfg CoC
M83248/1-125,,0.69 ,0,,,Mfg CoC
EN2997S61203FN,,120.63 ,51,,,Mfg CoC
AS4987NP5C,,2.23 ,2,,,Mfg CoC
TA0280021-02,,0.00 ,0,,,Mfg CoC
NAS1351N3H8,,1.84 ,26,,,Mfg CoC
MS35275-230,,0.31 ,22,,,Mfg CoC
MS51957-14,,0.06 ,26,,,Mfg CoC
M83485-1-334,,11.47 ,26,,,Mfg CoC
M83485-1-251,,9.21 ,0,,,Mfg CoC
M25988/1-908,,1.20 ,26,,,Mfg CoC
M83248-1-008,,0.33 ,8,,,Mfg CoC
AS4561MK2,,2.32 ,2,,,Mfg CoC
AS3252-10,,45.62 ,21,,,Mfg CoC
AS43013-145,,2.55 ,26,,,Mfg CoC
AS3209-118,,0.32 ,46,,,Mfg CoC
AS21416,,3.14 ,0,,,Mfg CoC
8757-400,,118.03 ,26,,,Mfg CoC
332A2600-5,,716.58 ,13,,,Mfg CoC
NAS1726C4P,,1.12 ,25,,,Mfg CoC
BACR12BM221,,4.95 ,17,,,Mfg CoC
202W331-25-0,,0.00 ,0,,,Mfg CoC
387-034,,190.41 ,30,,,Mfg CoC
S700M0986,,256.48 ,16,,,Mfg CoC
NAS1802-08-10,,0.30 ,24,,,Mfg CoC
NAS1612-3A,,0.28 ,24,,,Mfg CoC
NAS1193K10C,,10.48 ,24,,,Mfg CoC
MS21069L3,,0.18 ,24,,,Mfg CoC
MS28778-4,,1.07 ,22,,,Mfg CoC
MS20426AD3-4D,,0.02 ,24,,,Mfg CoC
D0003166300000,,262.39 ,21,,,Mfg CoC
AS3237-26,,2.04 ,0,,,Mfg CoC
AS3239-14,,29.00 ,13,,,Mfg CoC
AS1895-4-125,,326.03 ,7,,,Mfg CoC
SRK192L,,0.00 ,0,,,Mfg CoC
S3225-160,,0.00 ,0,,,Mfg CoC
MS9201-04,,0.00 ,0,,,Mfg CoC
MS90376-16Y,,0.18 ,18,,,Mfg CoC
MS16555-625,,0.22 ,23,,,Mfg CoC
BACN11N8CS,,8.73 ,0,,,Mfg CoC
332A2341-2,,2405.86 ,8,,,Mfg CoC
NAS6604-31,,0.80 ,22,,,Mfg CoC
MS17825-6,,0.00 ,0,,,Mfg CoC
AS55202-8,,165.16 ,21,,,Mfg CoC
AS1895/4-200,,523.57 ,0,,,Mfg CoC
MS28775-236,,0.76 ,21,,,Mfg CoC
MS28774-019,,0.36 ,21,,,Mfg CoC
MS20995NC20,,25.94 ,42,,,Mfg CoC
AS43013-221,,0.00 ,0,,,Mfg CoC
202K132-25,,0.00 ,0,,,Mfg CoC
S9413-012,,0.23 ,20,,,Mfg CoC
TA025059-08,,109.27 ,20,,,Mfg CoC
SLP5182A3-1,,0.98 ,20,,,Mfg CoC
NAS8302-4,,0.14 ,20,,,Mfg CoC
SP126D,,0.53 ,409,,,Mfg CoC
NAS6604-10,,0.20 ,20,,,Mfg CoC
NAS1612-12,,1.40 ,20,,,Mfg CoC
NAS1802-3-11,,0.48 ,20,,,Mfg CoC
NAS1802-08-7,,0.66 ,20,,,Mfg CoC
NAS1352C08-8,,0.15 ,20,,,Mfg CoC
NAS1352N08-20,,0.72 ,20,,,Mfg CoC
NAS1149D0932J,,0.06 ,20,,,Mfg CoC
NAS1611-224,,0.66 ,20,,,Mfg CoC
NAS1611-008A,,0.44 ,20,,,Mfg CoC
NAS1611-213,,0.40 ,20,,,Mfg CoC
MS9967-012,,1.02 ,1440,,,Mfg CoC
MS9880-12,,1.18 ,39,,,Mfg CoC
MS21919WF12,,4.90 ,20,,,Mfg CoC
MS29513-115,,0.25 ,20,,,Mfg CoC
MS24694S56,,0.09 ,20,,,Mfg CoC
MS24694C52,,0.21 ,20,,,Mfg CoC
MS27595-016,,0.56 ,20,,,Mfg CoC
M83485/1-907,,0.73 ,0,,,Mfg CoC
MS20427M5-8,,0.13 ,20,,,Mfg CoC
HL11VF6-6,,1.52 ,20,,,Mfg CoC
ESC11SE62255SNO,,404.24 ,10,,,Mfg CoC
EN2997SE61005B7,,199.66 ,20,,,Mfg CoC
BACN10JN4CM,,4.29 ,0,,,Mfg CoC
AS5230T1212,,63.60 ,0,,,Mfg CoC
AS3209-140,,0.27 ,20,,,Mfg CoC
AS3209-260,,3.43 ,0,,,Mfg CoC
AN5-15,,0.97 ,20,,,Mfg CoC
13100-200,,0.00 ,0,,,Mfg CoC
097-0267-20,,83.30 ,90,,,Mfg CoC
1015710,,215.00 ,0,,,Mfg CoC
SRWK258L,,97.97 ,19,,,Mfg CoC
NAS1791A3-2,,0.35 ,19,,,Mfg CoC
MS24694S2,,0.07 ,19,,,Mfg CoC
BACW10BP7ACU,,0.32 ,19,,,Mfg CoC
AS3209-119,,0.31 ,19,,,Mfg CoC
8522-882,,0.00 ,0,,,Mfg CoC
202K132-25-0,,9.95 ,0,,,Mfg CoC
1794M49P106,,31.64 ,19,,,Mfg CoC
1-321897-0,,3.71 ,44,,,Mfg CoC
NAS509-5,,1.07 ,18,,,Mfg CoC
MS25083-2BB3,,3.99 ,19,,,Mfg CoC
MS24693C4,,0.02 ,18,,,Mfg CoC
MS14144L5,,8.71 ,27,,,Mfg CoC
M83485/1-123,,1.57 ,0,,,Mfg CoC
BACC10GU110,,1.10 ,18,,,Mfg CoC
AS3209-143,,1.26 ,0,,,Mfg CoC
AS1895-1-175,,516.83 ,3,,,Mfg CoC
MS9276-14,,0.73 ,17,,,Mfg CoC
MS28778-2,,0.32 ,17,,,Mfg CoC
M83248/1-018,,3.00 ,17,,,Mfg CoC
J221P148,,0.00 ,0,,,Mfg CoC
AS3582-345,,1.83 ,17,,,Mfg CoC
AS27858,,8.25 ,0,,,Mfg CoC
202W342-12-0,,37.46 ,0,,,Mfg CoC
NAS1792A3-3,,0.49 ,16,,,Mfg CoC
NAS1802-08-8,,0.45 ,4,,,Mfg CoC
NAS1068RC3M,,0.00 ,0,,,Mfg CoC
MS9902-06,,0.00 ,0,,,Mfg CoC
MS28773-04,,0.42 ,16,,,Mfg CoC
M83485/1-162,,0.00 ,0,,,Mfg CoC
C10GT2-24,,26.70 ,4,,,Mfg CoC
69B90191-4,,95.05 ,0,,,Mfg CoC
602-8001-10C07,,216.19 ,6,,,Mfg CoC
731476,,471.43 ,0,,,Mfg CoC
NSA5060C6,,18.45 ,0,,,Mfg CoC
NAS1792A3-1,,0.30 ,15,,,Mfg CoC
NAS1611-131A,,0.57 ,15,,,Mfg CoC
MS51830CA201L,,8.54 ,0,,,Mfg CoC
MS9566-12,,2.06 ,15,,,Mfg CoC
MS9954-04,,5.92 ,15,,,Mfg CoC
MS9954-06,,5.90 ,0,,,Mfg CoC
MS21914-4W,,2.94 ,15,,,Mfg CoC
LN9025-0510L,,0.09 ,15,,,Mfg CoC
J644P13A,,0.00 ,0,,,Mfg CoC
EN2997SE61212BN,,124.00 ,10,,,Mfg CoC
EN2997SE61407B6,,220.84 ,0,,,Mfg CoC
AS3209-259,,4.69 ,15,,,Mfg CoC
097-0180-16,,24.50 ,15,,,Mfg CoC
SRK258L,,8.75 ,553,,,Mfg CoC
NAS561C2-7,,0.03 ,14,,,Mfg CoC
NAS1612-5A,,0.26 ,14,,,Mfg CoC
NAS2804-8,,2.77 ,2,,,Mfg CoC
NAS1101E3-10,,0.60 ,0,,,Mfg CoC
MS25036-149,,0.12 ,14,,,Mfg CoC
M83485-1-901,,0.68 ,0,,,Mfg CoC
EN2023R20L,,396.43 ,5,,,Mfg CoC
AN737TW74,,2.40 ,9,,,Mfg CoC
9279M11P01,,19.27 ,14,,,Mfg CoC
AN3-11,,0.22 ,14,,,Mfg CoC
TA0210061-23,,0.00 ,0,,,Mfg CoC
SL2334-08A3,,1.88 ,13,,,Mfg CoC
NAS1792C3-2,,0.94 ,13,,,Mfg CoC
MS9575-04,,7.50 ,0,,,Mfg CoC
MS28774-014,,0.14 ,13,,,Mfg CoC
MS28778-3,,0.24 ,13,,,Mfg CoC
M83248-1-214,,0.54 ,0,,,Mfg CoC
AS50212,,12.29 ,0,,,Mfg CoC
8522-881,,0.00 ,0,,,Mfg CoC
AS12846,,10.10 ,10,,,Mfg CoC
0MP2505-13S,,242.72 ,6,,,Mfg CoC
649-200-011-0,,0.00 ,0,,,Mfg CoC
NSA5060L6B,,71.01 ,0,,,Mfg CoC
NAS1611-329A,,0.62 ,12,,,Mfg CoC
NAS1351C3-10,,0.27 ,12,,,Mfg CoC
M83485/1-032,,2.48 ,6,,,Mfg CoC
AS3217-182,,3.57 ,0,,,Mfg CoC
AS3209-011,,0.29 ,12,,,Mfg CoC
AN4-26,,0.00 ,0,,,Mfg CoC
AN3C4A,,0.24 ,12,,,Mfg CoC
AN5H14A,,0.94 ,12,,,Mfg CoC
202K153-25-0,,9.82 ,9,,,Mfg CoC
83769H16-14,,0.00 ,0,,,Mfg CoC
TA025059-11,,110.00 ,11,,,Mfg CoC
NAS1922-0225-3,,5.00 ,11,,,Mfg CoC
NAS1352-08-8P,,0.24 ,11,,,Mfg CoC
MS9557-08,,1.45 ,771,,,Mfg CoC
BACW10BP3NPK,,0.15 ,11,,,Mfg CoC
AS5169J06,,10.19 ,0,,,Mfg CoC
AS3239-18,,0.00 ,0,,,Mfg CoC
AS1895-4-150,,0.00 ,0,,,Mfg CoC
AN5H6A,,0.63 ,11,,,Mfg CoC
AN960-416,,0.05 ,11,,,Mfg CoC
649-412-156-0,,46.01 ,11,,,Mfg CoC
332A2920-225,,0.00 ,0,,,Mfg CoC
SP90B3,,0.06 ,10,,,Mfg CoC
S2347-200,,26.00 ,10,,,Mfg CoC
NAS6204-13,,0.88 ,10,,,Mfg CoC
NAS43DD4-19FC,,0.18 ,10,,,Mfg CoC
NAS623-3-3,,0.08 ,10,,,Mfg CoC
NAS43HT3-27,,0.66 ,10,,,Mfg CoC
NAS6603-6,,0.12 ,10,,,Mfg CoC
NAS1423C3,,4.27 ,10,,,Mfg CoC
NAS1351-4H32P,,1.54 ,10,,,Mfg CoC
NAS1149E0863P,,0.36 ,10,,,Mfg CoC
NAS1611-024,,0.52 ,10,,,Mfg CoC
NAS1149FN316P,,0.02 ,10,,,Mfg CoC
NAS1154-9,,0.14 ,10,,,Mfg CoC
NAS1080R08,,0.52 ,10,,,Mfg CoC
MS9581-13,,4.80 ,10,,,Mfg CoC
NAS1080C10,,0.87 ,10,,,Mfg CoC
MS27980-7B,,0.06 ,10,,,Mfg CoC
MS28774-023,,0.51 ,10,,,Mfg CoC
MS28774-116,,0.24 ,4,,,Mfg CoC
MS28775-011,,0.27 ,10,,,Mfg CoC
MS24694S54,,0.14 ,10,,,Mfg CoC
MS28775-239,,1.53 ,6,,,Mfg CoC
MS21902W6,,4.73 ,10,,,Mfg CoC
MS21045-4,,0.50 ,10,,,Mfg CoC
M83485/1-238,,5.99 ,10,,,Mfg CoC
M83485/1-035,,3.07 ,54,,,Mfg CoC
MS21025-16,,10.49 ,10,,,Mfg CoC
MS20002-5,,0.04 ,10,,,Mfg CoC
M85052-2-12,,2.18 ,10,,,Mfg CoC
HL20PB6-7,,0.50 ,10,,,Mfg CoC
M83248-1-029,,0.49 ,10,,,Mfg CoC
M25988/1-029,,0.00 ,0,,,Mfg CoC
BACW10BP14ACU,,1.43 ,10,,,Mfg CoC
DA12-38A,,735.72 ,10,,,Mfg CoC
BACB28AK04-125,,5.26 ,10,,,Mfg CoC
BACN10JP4CC,,1.95 ,10,,,Mfg CoC
AS22718,,3.74 ,10,,,Mfg CoC
AS15001-2P,,1.93 ,10,,,Mfg CoC
AN4-17,,0.62 ,10,,,Mfg CoC
9794710170,,0.00 ,0,,,Mfg CoC
AN3-12A,,0.17 ,10,,,Mfg CoC
AN3-7A,,0.10 ,10,,,Mfg CoC
AN960PD416,,0.03 ,10,,,Mfg CoC
AP2501J4,,0.00 ,0,,,Mfg CoC
AN4-20,,0.58 ,10,,,Mfg CoC
AN3-15A,,0.14 ,10,,,Mfg CoC
649-781-775-0,,0.00 ,0,,,Mfg CoC
649-412-110-0,,7.22 ,10,,,Mfg CoC
720752-74,,89.15 ,10,,,Mfg CoC
NAS1351-3-10,,0.22 ,9,,,Mfg CoC
NAS1149F1032P,,0.06 ,9,,,Mfg CoC
NAS1130-06L15,,0.00 ,0,,,Mfg CoC
MS9025-03,,0.19 ,6,,,Mfg CoC
MS28775-017,,0.50 ,9,,,Mfg CoC
MS29513-222,,0.24 ,9,,,Mfg CoC
MS16562-196,,0.15 ,27,,,Mfg CoC
M83485/1-151,,0.00 ,0,,,Mfg CoC
AN815-4J,,73.28 ,33,,,Mfg CoC
AN814-2DL,,13.55 ,9,,,Mfg CoC
9560146210,,0.00 ,0,,,Mfg CoC
400WSS4,,5.58 ,3275,,,Mfg CoC
097-0179-16,,25.79 ,9,,,Mfg CoC
NAS1801-04-6,,0.09 ,8,,,Mfg CoC
NAS1612-16,,0.71 ,4,,,Mfg CoC
MS9245-47,,0.15 ,2,,,Mfg CoC
MS9386-212,,0.16 ,8,,,Mfg CoC
MS21908J6,,33.67 ,0,,,Mfg CoC
MS27488-16,,0.11 ,8,,,Mfg CoC
MS28774-339,,1.56 ,8,,,Mfg CoC
MS20426AD4-10,,0.06 ,7,,,Mfg CoC
MS20605AD3W3,,0.24 ,8,,,Mfg CoC
J854P001A,,37.16 ,8,,,Mfg CoC
EN2997SE61407BN,,222.89 ,0,,,Mfg CoC
AS1895/7-450,,0.00 ,0,,,Mfg CoC
AS1895/1-150,,432.15 ,11,,,Mfg CoC
AN4-6A,,0.16 ,8,,,Mfg CoC
SP126B,,0.38 ,100,,,Mfg CoC
SF001-20-16-08,,0.00 ,0,,,Mfg CoC
NAS1792C4-3,,2.23 ,7,,,Mfg CoC
NAS1149V0416M,,3.81 ,0,,,Mfg CoC
MS9557-19,,3.00 ,124,,,Mfg CoC
MS28782-15,,0.37 ,7,,,Mfg CoC
MS3459KS12S3B,,90.13 ,2,,,Mfg CoC
HL48-8-5,,18.89 ,1,,,Mfg CoC
ESC10SE61407SN0,,0.00 ,0,,,Mfg CoC
BACN10MT4,,0.00 ,0,,,Mfg CoC
AS5969T1616,,267.00 ,7,,,Mfg CoC
9057M50P01,,122.00 ,7,,,Mfg CoC
AN175-47,,7.15 ,7,,,Mfg CoC
400WSS7,,10.95 ,23,,,Mfg CoC
114896-6,,2100.00 ,7,,,Mfg CoC
83664-12,,193.28 ,4,,,Mfg CoC
7110MS952T,,38.71 ,7,,,Mfg CoC
SRWK192L0024,,22.23 ,8,,,Mfg CoC
NAS6704U4,,1.16 ,6,,,Mfg CoC
NAS1193K6C,,5.63 ,6,,,Mfg CoC
NAS1149V0432M,,0.00 ,0,,,Mfg CoC
MS35338-39,,0.03 ,6,,,Mfg CoC
M83248-1-016,,0.14 ,6,,,Mfg CoC
M83248-1-226,,0.79 ,10,,,Mfg CoC
J644P06D,,17.70 ,6,,,Mfg CoC
J522P52,,13.02 ,6,,,Mfg CoC
HL97-6,,9.48 ,6,,,Mfg CoC
EN2997SE61212B6,,0.00 ,0,,,Mfg CoC
9511M37P05,,16.21 ,6,,,Mfg CoC
AN3C6A,,0.53 ,6,,,Mfg CoC
AN814-4DL,,3.10 ,0,,,Mfg CoC
NAS6603-10,,0.14 ,5,,,Mfg CoC
NAS1611-021A,,0.51 ,5,,,Mfg CoC
MS25225-3,,29.54 ,5,,,Mfg CoC
MS28775-012,,0.55 ,660,,,Mfg CoC
MS21923K6,,8.95 ,5,,,Mfg CoC
MS28775-237,,1.09 ,5,,,Mfg CoC
MS16624-5018-1,,0.18 ,5,,,Mfg CoC
MS20995NC40,,28.16 ,5,,,Mfg CoC
M83485-1-214,,0.00 ,0,,,Mfg CoC
MS16998-27,,0.42 ,5,,,Mfg CoC
MS20470AD6-4,,0.14 ,5,,,Mfg CoC
J221P134,,3.26 ,5,,,Mfg CoC
BACC10GU104,,0.53 ,5,,,Mfg CoC
BACJ40AD45-4,,23.38 ,2,,,Mfg CoC
BACB30PN5H5,,42.28 ,5,,,Mfg CoC
AS5230J0606,,0.00 ,0,,,Mfg CoC
AS3209-261,,1.83 ,5,,,Mfg CoC
AS3209-258,,2.56 ,5,,,Mfg CoC
AN6-15,,0.84 ,5,,,Mfg CoC
AN6289-10,,4.40 ,5,,,Mfg CoC
AN3-10A,,0.17 ,5,,,Mfg CoC
1871M89P01,,130.77 ,5,,,Mfg CoC
0MP2505-6,,928.48 ,3,,,Mfg CoC
1794M49P03,,42.09 ,5,,,Mfg CoC
TA025022-05,,101.07 ,4,,,Mfg CoC
TA025022-06,,115.00 ,4,,,Mfg CoC
NSA5060L9,,49.50 ,4,,,Mfg CoC
NAS6609D49,,10.24 ,4,,,Mfg CoC
NAS2803-5,,0.00 ,0,,,Mfg CoC
NAS1805-14,,57.70 ,1,,,Mfg CoC
MS51957-3,,0.08 ,4,,,Mfg CoC
MS28775-348,,1.24 ,4,,,Mfg CoC
MS21244-4,,1.82 ,4,,,Mfg CoC
MS28774-128,,0.55 ,4,,,Mfg CoC
MS25083-2CD5,,0.00 ,0,,,Mfg CoC
MS20392-3C15,,0.24 ,4,,,Mfg CoC
J149P09,,1.99 ,3156,,,Mfg CoC
HL10V6-4,,1.25 ,2,,,Mfg CoC
M25988-1-903,,0.19 ,4,,,Mfg CoC
M25988/1-026,,0.65 ,2,,,Mfg CoC
M83248-2-912,,0.32 ,4,,,Mfg CoC
AS5169D05L,,4.54 ,1,,,Mfg CoC
AN525-10R9,,0.07 ,4,,,Mfg CoC
AN960PD10,,0.04 ,4,,,Mfg CoC
AN960C516,,0.07 ,4,,,Mfg CoC
624912,,9.75 ,0,,,Mfg CoC
S1980,,0.00 ,0,,,Mfg CoC
NAS6604-17,,0.30 ,3,,,Mfg CoC
NAS679A5,,1.40 ,3,,,Mfg CoC
NAS1611-120A,,0.42 ,3,,,Mfg CoC
M83248/1-132,,0.59 ,3,,,Mfg CoC
M83485/1-015,,0.38 ,3,,,Mfg CoC
CSR904B5-5,,3.42 ,3,,,Mfg CoC
EN2997K61407A7,,0.00 ,0,,,Mfg CoC
EN2997K62842A6,,155.07 ,2,,,Mfg CoC
AS3510-0218C,,1.60 ,3,,,Mfg CoC
AS24125,,0.00 ,0,,,Mfg CoC
9794710088,,0.00 ,0,,,Mfg CoC
9794420150,,0.00 ,0,,,Mfg CoC
210W331-25-0,,10.28 ,3,,,Mfg CoC
0F25-020,,0.00 ,0,,,Mfg CoC
OMP2506-6,,546.86 ,1,,,Mfg CoC
NAS1802-3-16,,0.43 ,2,,,Mfg CoC
NAS620A8,,0.01 ,2,,,Mfg CoC
NAS1611-127A,,0.50 ,2,,,Mfg CoC
NAS1611-118,,0.79 ,2,,,Mfg CoC
NAS1351-3H16P,,1.08 ,2,,,Mfg CoC
MS9565-10,,1.80 ,2,,,Mfg CoC
MS24392J4,,6.55 ,2,,,Mfg CoC
MS21908J4,,15.00 ,2,,,Mfg CoC
MS28774-123,,1.40 ,31,,,Mfg CoC
MS21914-6R,,157.79 ,0,,,Mfg CoC
MS17825-3,,0.82 ,2,,,Mfg CoC
M83485-1-910,,0.75 ,0,,,Mfg CoC
MS20605R3W3,,0.28 ,2,,,Mfg CoC
J534P06,,29.39 ,1,,,Mfg CoC
J647P18A,,54.54 ,2,,,Mfg CoC
J644P17A,,18.55 ,2,,,Mfg CoC
J644P18A,,13.35 ,2,,,Mfg CoC
J219P03,,26.37 ,2,,,Mfg CoC
M25988/1-117,,0.45 ,2,,,Mfg CoC
M83248-1-910,,0.00 ,0,,,Mfg CoC
EN2997K61407BN,,56.86 ,1,,,Mfg CoC
BACW10BP5NPK,,0.14 ,2,,,Mfg CoC
EN2023R22E,,0.00 ,0,,,Mfg CoC
AS3209-155,,2.76 ,2,,,Mfg CoC
9560133940,,0.00 ,0,,,Mfg CoC
AMBK4-4016,,0.00 ,0,,,Mfg CoC
9794420475,,0.00 ,0,,,Mfg CoC
8522-390A,,0.39 ,1,,,Mfg CoC
9794410112,,0.00 ,0,,,Mfg CoC
AN320-5,,0.83 ,2,,,Mfg CoC
0MP2506-6,,0.00 ,0,,,Mfg CoC
332A2920-224,,1903.58 ,1,,,Mfg CoC
332W1360-113,,2026.83 ,1,,,Mfg CoC
332W1800-56,,0.00 ,0,,,Mfg CoC
649-393-022-0,,1.73 ,9,,,Mfg CoC
6A4181,,58.83 ,2,,,Mfg CoC
TA027016-06,,100.70 ,1,,,Mfg CoC
TA027016-07,,45.94 ,1,,,Mfg CoC
S38437-013-99,,54.72 ,1,,,Mfg CoC
UP10480,,0.00 ,0,,,Mfg CoC
UL12506,,0.00 ,0,,,Mfg CoC
NAS1612-16A,,1.30 ,1,,,Mfg CoC
NAS1611-232A,,0.87 ,1,,,Mfg CoC
MS51830-102L,,1.38 ,1,,,Mfg CoC
MS9557-32,,3.94 ,28,,,Mfg CoC
MS9245-46,,0.20 ,1,,,Mfg CoC
MS21902-6T,,21.40 ,1,,,Mfg CoC
MS21913-4,,26.67 ,2,,,Mfg CoC
MS21209F4-10L,,0.80 ,5,,,Mfg CoC
MS28775-116,,0.45 ,0,,,Mfg CoC
MS28783-2,,1.14 ,1,,,Mfg CoC
MS20605R3W2,,0.16 ,1,,,Mfg CoC
MS16995-26,,0.16 ,1,,,Mfg CoC
M27426-4118D,,0.86 ,1,,,Mfg CoC
M83485/1-011,,0.79 ,1,,,Mfg CoC
EN2997KE61005BN,,42.94 ,0,,,Mfg CoC
CTB9CS,,0.00 ,0,,,Mfg CoC
BACR15DR3AN2,,0.56 ,0,,,Mfg CoC
AS4987NP6C,,0.83 ,1,,,Mfg CoC
AS3493-01,,2.50 ,1,,,Mfg CoC
AS1895-1-400,,0.00 ,0,,,Mfg CoC
AS1895/4-400,,572.69 ,1,,,Mfg CoC
AS12816,,4.05 ,40,,,Mfg CoC
801A50-0004A,,0.00 ,0,,,Mfg CoC
649-412-351-0,,22.16 ,1,,,Mfg CoC
649-411-596-0,,3.58 ,1,,,Mfg CoC
NAS8704U4,,3.15 ,0,,,Mfg CoC
P3A1830L,,0.00 ,0,,,Mfg CoC
NAS1726C5PE,,1.86 ,90,,,Mfg CoC
NAS1805-4,,0.00 ,0,,,Mfg CoC
NAS679C08,,1.28 ,0,,,Mfg CoC
NAS6303A5,,0.48 ,0,,,Mfg CoC
NAS1805-4P,,1.12 ,828,,,Mfg CoC
NAS1149E0432R,,0.10 ,0,,,Mfg CoC
NAS1611-024A,,1.25 ,0,,,Mfg CoC
MS9582-08,,1.34 ,0,,,Mfg CoC
MS9696-06,,2.06 ,1586,,,Mfg CoC
NAS1102E4R10,,0.00 ,0,,,Mfg CoC
MS9696-08,,3.70 ,0,,,Mfg CoC
MS21074L3,,0.75 ,0,,,Mfg CoC
MS28775-015,,0.11 ,0,,,Mfg CoC
MS21902J20,,0.00 ,0,,,Mfg CoC
MS21209C0610L,,0.25 ,201,,,Mfg CoC
M83248-1-131,,1.74 ,162,,,Mfg CoC
BACS12GU3K16,,1.05 ,0,,,Mfg CoC
BACS12GU3K7D,,3.36 ,0,,,Mfg CoC
BACR15DR3A4,,0.15 ,0,,,Mfg CoC
BACR15GA6-11B,,1.16 ,0,,,Mfg CoC
BACS12GU3K9D,,4.89 ,0,,,Mfg CoC
BACR15BA3AD8C,,0.05 ,0,,,Mfg CoC
BACS12GU3K21,,1.05 ,0,,,Mfg CoC
BACR15BB5AD7C,,0.03 ,0,,,Mfg CoC
BACN11Z7CK,,4.73 ,0,,,Mfg CoC
BACS12FA3K3,,0.76 ,0,,,Mfg CoC
BACS12GU3K9,,0.76 ,0,,,Mfg CoC
BACS12GU4K10,,2.49 ,0,,,Mfg CoC
BACS12GP3L15,,0.90 ,0,,,Mfg CoC
BACR15CE5KE6,,0.09 ,0,,,Mfg CoC
BACR15CE6M6,,0.15 ,0,,,Mfg CoC
BACR15BA4AD8C,,0.02 ,0,,,Mfg CoC
BACR15BB5D7C,,0.05 ,0,,,Mfg CoC
CR3524-4-02,,3.14 ,752,,,Mfg CoC
BACS12FA3K11,,0.86 ,0,,,Mfg CoC
BACR15GF6D7,,0.12 ,0,,,Mfg CoC
BACS12GU4K16,,2.05 ,0,,,Mfg CoC
BACN11Z8CK,,3.32 ,0,,,Mfg CoC
BACN10JC10CM,,9.23 ,0,,,Mfg CoC
BACB30LJ4D19,,3.48 ,0,,,Mfg CoC
BACB30NM5K20,,3.78 ,0,,,Mfg CoC
BACB30NM4K5,,1.30 ,0,,,Mfg CoC
BACB30NM4K10,,1.73 ,0,,,Mfg CoC
BACB30LE3K72,,24.88 ,0,,,Mfg CoC
BACB30LJ4-7,,2.16 ,0,,,Mfg CoC
BACB30NM4K16,,2.09 ,0,,,Mfg CoC
BACB30NR4K12,,2.68 ,95,,,Mfg CoC
BACN10HY3AM,,0.69 ,0,,,Mfg CoC
BACB30NR4K14,,2.45 ,0,,,Mfg CoC
BACB30NR4K15,,2.00 ,0,,,Mfg CoC
BACB30NM3K9,,1.09 ,0,,,Mfg CoC
BACB30NR4K3,,1.59 ,0,,,Mfg CoC
BACB30NR4K35,,6.50 ,0,,,Mfg CoC
BACN10YR6CD,,1.26 ,0,,,Mfg CoC
AS62502,,12.11 ,156,,,Mfg CoC
BACB30LJ4-40,,6.15 ,0,,,Mfg CoC
BACB31U3K11,,1.39 ,0,,,Mfg CoC
BACB30NR6K36,,5.98 ,0,,,Mfg CoC
AS62507,,12.80 ,6,,,Mfg CoC
BACB30NT3K11,,1.39 ,0,,,Mfg CoC
BACN11N6CD,,6.85 ,0,,,Mfg CoC
BACB30NM4K7,,2.88 ,0,,,Mfg CoC
BACB30NY6K21,,0.00 ,0,,,Mfg CoC
BACB30NM4K21,,3.95 ,0,,,Mfg CoC
BACB30LJ4U7,,1.15 ,0,,,Mfg CoC
BACN10YD1G,,1.18 ,0,,,Mfg CoC
BACN10YR06CD,,0.42 ,0,,,Mfg CoC
BACB30LK3-4,,1.46 ,0,,,Mfg CoC
BACN10YT08CD,,1.15 ,0,,,Mfg CoC
BACN11E3,,6.29 ,0,,,Mfg CoC
BACN11N103CD,,4.38 ,0,,,Mfg CoC
BACB30NM4HK8,,1.53 ,0,,,Mfg CoC
BACB30VT8K7,,0.00 ,0,,,Mfg CoC
BACB30NM4K11,,1.76 ,0,,,Mfg CoC
BACB30LJ6DU30,,6.65 ,0,,,Mfg CoC
BACB30NT3K2,,0.78 ,0,,,Mfg CoC
BACB30NN4K19,,1.35 ,0,,,Mfg CoC
BACB30LJ4U15,,2.96 ,0,,,Mfg CoC
AS1895/23-150,,0.00 ,0,,,Mfg CoC
A217C7,,1.10 ,0,,,Mfg CoC
9794710075,,0.00 ,0,,,Mfg CoC
AN315C4R,,0.00 ,0,,,Mfg CoC
9944M44P01,,0.00 ,0,,,Mfg CoC
9794710132,,0.00 ,0,,,Mfg CoC
705B734P13,,0.36 ,0,,,Mfg CoC
0MP2506-9,,0.00 ,0,,,Mfg CoC
